Copyright 1986-2022 Xilinx, Inc. All Rights Reserved. Copyright 2022-2025 Advanced Micro Devices, Inc. All Rights Reserved.
---------------------------------------------------------------------------------------------------------------------------------------------
| Tool Version : Vivado v.2025.1 (win64) Build 6140274 Thu May 22 00:12:29 MDT 2025
| Date         : Fri Oct  2 21:56:41 2026
| Host         : Adityaa-Windows running 64-bit major release  (build 9200)
| Command      : report_control_sets -verbose -file ofdm_system_wrapper_control_sets_placed.rpt
| Design       : ofdm_system_wrapper
| Device       : xc7z020
---------------------------------------------------------------------------------------------------------------------------------------------

Control Set Information

Table of Contents
-----------------
1. Summary
2. Histogram
3. Flip-Flop Distribution
4. Detailed Control Set Information

1. Summary
----------

+----------------------------------------------------------+-------+
|                          Status                          | Count |
+----------------------------------------------------------+-------+
| Total control sets                                       |   365 |
|    Minimum number of control sets                        |   365 |
|    Addition due to synthesis replication                 |     0 |
|    Addition due to physical synthesis replication        |     0 |
| Unused register locations in slices containing registers |    80 |
+----------------------------------------------------------+-------+
* Control sets can be merged at opt_design using control_set_merge or merge_equivalent_drivers
** Run report_qor_suggestions for automated merging and remapping suggestions


2. Histogram
------------

+--------------------+-------+
|       Fanout       | Count |
+--------------------+-------+
| Total control sets |   365 |
| >= 0 to < 4        |     2 |
| >= 4 to < 6        |     6 |
| >= 6 to < 8        |     3 |
| >= 8 to < 10       |     1 |
| >= 10 to < 12      |     1 |
| >= 12 to < 14      |     5 |
| >= 14 to < 16      |     2 |
| >= 16              |   345 |
+--------------------+-------+
* Control sets can be remapped at either synth_design or opt_design


3. Flip-Flop Distribution
-------------------------

+--------------+-----------------------+------------------------+-----------------+--------------+
| Clock Enable | Synchronous Set/Reset | Asynchronous Set/Reset | Total Registers | Total Slices |
+--------------+-----------------------+------------------------+-----------------+--------------+
| No           | No                    | No                     |            7958 |         3408 |
| No           | No                    | Yes                    |            2446 |          686 |
| No           | Yes                   | No                     |              28 |           13 |
| Yes          | No                    | No                     |           13651 |         7824 |
| Yes          | No                    | Yes                    |             136 |           48 |
| Yes          | Yes                   | No                     |             189 |           77 |
+--------------+-----------------------+------------------------+-----------------+--------------+


4. Detailed Control Set Information
-----------------------------------

+----------------------------------------------------+-------------------------------------------------------------------------------------------------------------------------------------------------------------------+----------------------------------------------------------------------------------------------------------------------------------------------------------+------------------+----------------+--------------+
|                    Clock Signal                    |                                                                           Enable Signal                                                                           |                                                                     Set/Reset Signal                                                                     | Slice Load Count | Bel Load Count | Bels / Slice |
+----------------------------------------------------+-------------------------------------------------------------------------------------------------------------------------------------------------------------------+----------------------------------------------------------------------------------------------------------------------------------------------------------+------------------+----------------+--------------+
|  ofdm_system_i/processing_system7_0/inst/FCLK_CLK0 | ofdm_system_i/ps7_0_axi_periph/s00_couplers/auto_pc/inst/gen_axilite.gen_b2s_conv.axilite_b2s/WR.aw_channel_0/aw_cmd_fsm_0/FSM_sequential_state_reg[0]_1          | ofdm_system_i/ps7_0_axi_periph/s00_couplers/auto_pc/inst/gen_axilite.gen_b2s_conv.axilite_b2s/WR.aw_channel_0/aw_cmd_fsm_0/FSM_sequential_state_reg[0]_0 |                1 |              1 |         1.00 |
|  ofdm_system_i/processing_system7_0/inst/FCLK_CLK0 | ofdm_system_i/ps7_0_axi_periph/s00_couplers/auto_pc/inst/gen_axilite.gen_b2s_conv.axilite_b2s/WR.b_channel_0/bid_fifo_0/sel                                       |                                                                                                                                                          |                1 |              2 |         2.00 |
|  ofdm_system_i/processing_system7_0/inst/FCLK_CLK0 |                                                                                                                                                                   | ofdm_system_i/ps7_0_axi_periph/s00_couplers/auto_pc/inst/gen_axilite.gen_b2s_conv.axilite_b2s/SI_REG/aw.aw_pipe/aresetn_d_reg[0]_0                       |                1 |              4 |         4.00 |
|  ofdm_system_i/processing_system7_0/inst/FCLK_CLK0 |                                                                                                                                                                   | ofdm_system_i/ps7_0_axi_periph/s00_couplers/auto_pc/inst/gen_axilite.gen_b2s_conv.axilite_b2s/SI_REG/aw.aw_pipe/aresetn_d_reg[1]_inv_0                   |                1 |              4 |         4.00 |
|  ofdm_system_i/processing_system7_0/inst/FCLK_CLK0 |                                                                                                                                                                   | ofdm_system_i/rst_ps7_0_50M/U0/EXT_LPF/lpf_int                                                                                                           |                1 |              4 |         4.00 |
|  ofdm_system_i/processing_system7_0/inst/FCLK_CLK0 | ofdm_system_i/ps7_0_axi_periph/s00_couplers/auto_pc/inst/gen_axilite.gen_b2s_conv.axilite_b2s/RD.ar_channel_0/ar_cmd_fsm_0/m_axi_arready_2                        | ofdm_system_i/ps7_0_axi_periph/s00_couplers/auto_pc/inst/gen_axilite.gen_b2s_conv.axilite_b2s/RD.ar_channel_0/ar_cmd_fsm_0/FSM_sequential_state_reg[1]_0 |                2 |              4 |         2.00 |
|  ofdm_system_i/processing_system7_0/inst/FCLK_CLK0 | ofdm_system_i/ps7_0_axi_periph/s00_couplers/auto_pc/inst/gen_axilite.gen_b2s_conv.axilite_b2s/RD.r_channel_0/rd_data_fifo_0/cnt_read[4]_i_1__0_n_0                | ofdm_system_i/ps7_0_axi_periph/s00_couplers/auto_pc/inst/gen_axilite.gen_b2s_conv.axilite_b2s/areset_d1                                                  |                2 |              5 |         2.50 |
|  ofdm_system_i/processing_system7_0/inst/FCLK_CLK0 | ofdm_system_i/ps7_0_axi_periph/s00_couplers/auto_pc/inst/gen_axilite.gen_b2s_conv.axilite_b2s/RD.r_channel_0/transaction_fifo_0/cnt_read[4]_i_1_n_0               | ofdm_system_i/ps7_0_axi_periph/s00_couplers/auto_pc/inst/gen_axilite.gen_b2s_conv.axilite_b2s/areset_d1                                                  |                2 |              5 |         2.50 |
|  ofdm_system_i/processing_system7_0/inst/FCLK_CLK0 | ofdm_system_i/ofdm_axi_lite_0/inst/u_core/u_ifft/u_fft/SU3/bf2_do_en_reg_0                                                                                        | ofdm_system_i/ofdm_axi_lite_0/inst/core_rst                                                                                                              |                3 |              6 |         2.00 |
|  ofdm_system_i/processing_system7_0/inst/FCLK_CLK0 |                                                                                                                                                                   | ofdm_system_i/ofdm_axi_lite_0/inst/p_0_in                                                                                                                |                4 |              6 |         1.50 |
|  ofdm_system_i/processing_system7_0/inst/FCLK_CLK0 | ofdm_system_i/rst_ps7_0_50M/U0/SEQ/seq_cnt_en                                                                                                                     | ofdm_system_i/rst_ps7_0_50M/U0/SEQ/SEQ_COUNTER/clear                                                                                                     |                1 |              6 |         6.00 |
|  ofdm_system_i/processing_system7_0/inst/FCLK_CLK0 | ofdm_system_i/ps7_0_axi_periph/s00_couplers/auto_pc/inst/gen_axilite.gen_b2s_conv.axilite_b2s/WR.b_channel_0/mhandshake_r                                         | ofdm_system_i/ps7_0_axi_periph/s00_couplers/auto_pc/inst/gen_axilite.gen_b2s_conv.axilite_b2s/WR.b_channel_0/bid_fifo_0/SR[0]                            |                3 |              8 |         2.67 |
|  ofdm_system_i/processing_system7_0/inst/FCLK_CLK0 |                                                                                                                                                                   | ofdm_system_i/ps7_0_axi_periph/s00_couplers/auto_pc/inst/gen_axilite.gen_b2s_conv.axilite_b2s/areset_d1                                                  |                6 |             10 |         1.67 |
|  ofdm_system_i/processing_system7_0/inst/FCLK_CLK0 | ofdm_system_i/ps7_0_axi_periph/s00_couplers/auto_pc/inst/gen_axilite.gen_b2s_conv.axilite_b2s/WR.aw_channel_0/aw_cmd_fsm_0/m_valid_i_reg[0]                       |                                                                                                                                                          |                5 |             12 |         2.40 |
|  ofdm_system_i/processing_system7_0/inst/FCLK_CLK0 | ofdm_system_i/ps7_0_axi_periph/s00_couplers/auto_pc/inst/gen_axilite.gen_b2s_conv.axilite_b2s/WR.aw_channel_0/cmd_translator_0/incr_cmd_0/axaddr_incr[11]_i_1_n_0 |                                                                                                                                                          |                2 |             12 |         6.00 |
|  ofdm_system_i/processing_system7_0/inst/FCLK_CLK0 | ofdm_system_i/ps7_0_axi_periph/s00_couplers/auto_pc/inst/gen_axilite.gen_b2s_conv.axilite_b2s/RD.ar_channel_0/ar_cmd_fsm_0/E[0]                                   |                                                                                                                                                          |                6 |             12 |         2.00 |
|  ofdm_system_i/processing_system7_0/inst/FCLK_CLK0 | ofdm_system_i/ps7_0_axi_periph/s00_couplers/auto_pc/inst/gen_axilite.gen_b2s_conv.axilite_b2s/RD.ar_channel_0/ar_cmd_fsm_0/sel_first_reg[0]                       |                                                                                                                                                          |                4 |             12 |         3.00 |
|  ofdm_system_i/processing_system7_0/inst/FCLK_CLK0 | ofdm_system_i/ps7_0_axi_periph/s00_couplers/auto_pc/inst/gen_axilite.gen_b2s_conv.axilite_b2s/RD.r_channel_0/r_push_r                                             |                                                                                                                                                          |                4 |             13 |         3.25 |
|  ofdm_system_i/processing_system7_0/inst/FCLK_CLK0 | ofdm_system_i/ps7_0_axi_periph/s00_couplers/auto_pc/inst/gen_axilite.gen_b2s_conv.axilite_b2s/SI_REG/b.b_pipe/p_1_in                                              |                                                                                                                                                          |                2 |             14 |         7.00 |
|  ofdm_system_i/processing_system7_0/inst/FCLK_CLK0 | ofdm_system_i/ps7_0_axi_periph/s00_couplers/auto_pc/inst/gen_axilite.gen_b2s_conv.axilite_b2s/SI_REG/b.b_pipe/s_ready_i_reg_0                                     |                                                                                                                                                          |                2 |             14 |         7.00 |
|  ofdm_system_i/processing_system7_0/inst/FCLK_CLK0 | ofdm_system_i/ps7_0_axi_periph/s00_couplers/auto_pc/inst/gen_axilite.gen_b2s_conv.axilite_b2s/WR.aw_channel_0/aw_cmd_fsm_0/m_axi_awready_0                        |                                                                                                                                                          |                3 |             16 |         5.33 |
|  ofdm_system_i/processing_system7_0/inst/FCLK_CLK0 | ofdm_system_i/ps7_0_axi_periph/s00_couplers/auto_pc/inst/gen_axilite.gen_b2s_conv.axilite_b2s/RD.ar_channel_0/ar_cmd_fsm_0/m_axi_arready_2                        |                                                                                                                                                          |                7 |             21 |         3.00 |
|  ofdm_system_i/processing_system7_0/inst/FCLK_CLK0 | ofdm_system_i/ps7_0_axi_periph/s00_couplers/auto_pc/inst/gen_axilite.gen_b2s_conv.axilite_b2s/WR.aw_channel_0/aw_cmd_fsm_0/FSM_sequential_state_reg[0]_1          |                                                                                                                                                          |               10 |             24 |         2.40 |
|  ofdm_system_i/processing_system7_0/inst/FCLK_CLK0 | ofdm_system_i/ofdm_axi_lite_0/inst/u_core/u_s2p/parallel_data[1279]_i_1_n_0                                                                                       |                                                                                                                                                          |               15 |             32 |         2.13 |
|  ofdm_system_i/processing_system7_0/inst/FCLK_CLK0 | ofdm_system_i/ofdm_axi_lite_0/inst/u_core/u_s2p/parallel_data[1663]_i_1_n_0                                                                                       |                                                                                                                                                          |               16 |             32 |         2.00 |
|  ofdm_system_i/processing_system7_0/inst/FCLK_CLK0 | ofdm_system_i/ofdm_axi_lite_0/inst/u_core/u_s2p/parallel_data[1727]_i_1_n_0                                                                                       |                                                                                                                                                          |               29 |             32 |         1.10 |
|  ofdm_system_i/processing_system7_0/inst/FCLK_CLK0 | ofdm_system_i/ofdm_axi_lite_0/inst/u_core/u_s2p/parallel_data[1759]_i_1_n_0                                                                                       |                                                                                                                                                          |               25 |             32 |         1.28 |
|  ofdm_system_i/processing_system7_0/inst/FCLK_CLK0 | ofdm_system_i/ofdm_axi_lite_0/inst/u_core/u_s2p/parallel_data[1023]_i_1_n_0                                                                                       |                                                                                                                                                          |               26 |             32 |         1.23 |
|  ofdm_system_i/processing_system7_0/inst/FCLK_CLK0 | ofdm_system_i/ofdm_axi_lite_0/inst/u_core/u_s2p/parallel_data[1471]_i_1_n_0                                                                                       |                                                                                                                                                          |               29 |             32 |         1.10 |
|  ofdm_system_i/processing_system7_0/inst/FCLK_CLK0 | ofdm_system_i/ofdm_axi_lite_0/inst/u_core/u_s2p/parallel_data[1503]_i_1_n_0                                                                                       |                                                                                                                                                          |               28 |             32 |         1.14 |
|  ofdm_system_i/processing_system7_0/inst/FCLK_CLK0 | ofdm_system_i/ofdm_axi_lite_0/inst/u_core/u_s2p/parallel_data[1535]_i_1_n_0                                                                                       |                                                                                                                                                          |               27 |             32 |         1.19 |
|  ofdm_system_i/processing_system7_0/inst/FCLK_CLK0 | ofdm_system_i/ofdm_axi_lite_0/inst/u_core/u_s2p/parallel_data[159]_i_1_n_0                                                                                        |                                                                                                                                                          |               30 |             32 |         1.07 |
|  ofdm_system_i/processing_system7_0/inst/FCLK_CLK0 | ofdm_system_i/ofdm_axi_lite_0/inst/u_core/u_s2p/parallel_data[1087]_i_1_n_0                                                                                       |                                                                                                                                                          |               30 |             32 |         1.07 |
|  ofdm_system_i/processing_system7_0/inst/FCLK_CLK0 | ofdm_system_i/ofdm_axi_lite_0/inst/u_core/u_s2p/parallel_data[1631]_i_1_n_0                                                                                       |                                                                                                                                                          |               29 |             32 |         1.10 |
|  ofdm_system_i/processing_system7_0/inst/FCLK_CLK0 | ofdm_system_i/ofdm_axi_lite_0/inst/u_core/u_s2p/parallel_data[1407]_i_1_n_0                                                                                       |                                                                                                                                                          |               16 |             32 |         2.00 |
|  ofdm_system_i/processing_system7_0/inst/FCLK_CLK0 | ofdm_system_i/ofdm_axi_lite_0/inst/u_core/u_s2p/parallel_data[1055]_i_1_n_0                                                                                       |                                                                                                                                                          |               29 |             32 |         1.10 |
|  ofdm_system_i/processing_system7_0/inst/FCLK_CLK0 | ofdm_system_i/ofdm_axi_lite_0/inst/u_core/u_s2p/parallel_data[799]_i_1_n_0                                                                                        |                                                                                                                                                          |               27 |             32 |         1.19 |
|  ofdm_system_i/processing_system7_0/inst/FCLK_CLK0 | ofdm_system_i/ofdm_axi_lite_0/inst/u_core/u_s2p/parallel_data[895]_i_1_n_0                                                                                        |                                                                                                                                                          |               15 |             32 |         2.13 |
|  ofdm_system_i/processing_system7_0/inst/FCLK_CLK0 | ofdm_system_i/ofdm_axi_lite_0/inst/u_core/u_s2p/parallel_data[383]_i_1_n_0                                                                                        |                                                                                                                                                          |               14 |             32 |         2.29 |
|  ofdm_system_i/processing_system7_0/inst/FCLK_CLK0 | ofdm_system_i/ofdm_axi_lite_0/inst/u_core/u_s2p/parallel_data[831]_i_1_n_0                                                                                        |                                                                                                                                                          |               31 |             32 |         1.03 |
|  ofdm_system_i/processing_system7_0/inst/FCLK_CLK0 | ofdm_system_i/ofdm_axi_lite_0/inst/u_core/u_s2p/parallel_data[1887]_i_1_n_0                                                                                       |                                                                                                                                                          |               26 |             32 |         1.23 |
|  ofdm_system_i/processing_system7_0/inst/FCLK_CLK0 | ofdm_system_i/ofdm_axi_lite_0/inst/u_core/u_s2p/parallel_data[287]_i_1_n_0                                                                                        |                                                                                                                                                          |               28 |             32 |         1.14 |
|  ofdm_system_i/processing_system7_0/inst/FCLK_CLK0 | ofdm_system_i/ofdm_axi_lite_0/inst/u_core/u_s2p/parallel_data[351]_i_1_n_0                                                                                        |                                                                                                                                                          |               30 |             32 |         1.07 |
|  ofdm_system_i/processing_system7_0/inst/FCLK_CLK0 | ofdm_system_i/ofdm_axi_lite_0/inst/u_core/u_s2p/parallel_data[543]_i_1_n_0                                                                                        |                                                                                                                                                          |               30 |             32 |         1.07 |
|  ofdm_system_i/processing_system7_0/inst/FCLK_CLK0 | ofdm_system_i/ofdm_axi_lite_0/inst/u_core/u_s2p/parallel_data[63]_i_1_n_0                                                                                         |                                                                                                                                                          |               29 |             32 |         1.10 |
|  ofdm_system_i/processing_system7_0/inst/FCLK_CLK0 | ofdm_system_i/ofdm_axi_lite_0/inst/u_core/u_s2p/parallel_data[255]_i_1_n_0                                                                                        |                                                                                                                                                          |               15 |             32 |         2.13 |
|  ofdm_system_i/processing_system7_0/inst/FCLK_CLK0 | ofdm_system_i/ofdm_axi_lite_0/inst/u_core/u_ifft/u_br/buf_re[107][15]_i_1_n_0                                                                                     |                                                                                                                                                          |               18 |             32 |         1.78 |
|  ofdm_system_i/processing_system7_0/inst/FCLK_CLK0 | ofdm_system_i/ofdm_axi_lite_0/inst/u_core/u_s2p/parallel_data[959]_i_1_n_0                                                                                        |                                                                                                                                                          |               30 |             32 |         1.07 |
|  ofdm_system_i/processing_system7_0/inst/FCLK_CLK0 | ofdm_system_i/ofdm_axi_lite_0/inst/u_core/u_s2p/parallel_data[95]_i_1_n_0                                                                                         |                                                                                                                                                          |               30 |             32 |         1.07 |
|  ofdm_system_i/processing_system7_0/inst/FCLK_CLK0 | ofdm_system_i/ofdm_axi_lite_0/inst/u_core/u_s2p/parallel_data[1983]_i_1_n_0                                                                                       |                                                                                                                                                          |               28 |             32 |         1.14 |
|  ofdm_system_i/processing_system7_0/inst/FCLK_CLK0 | ofdm_system_i/ofdm_axi_lite_0/inst/u_core/u_s2p/parallel_data[223]_i_1_n_0                                                                                        |                                                                                                                                                          |               26 |             32 |         1.23 |
|  ofdm_system_i/processing_system7_0/inst/FCLK_CLK0 | ofdm_system_i/ofdm_axi_lite_0/inst/u_core/u_s2p/parallel_data[991]_i_1_n_0                                                                                        |                                                                                                                                                          |               31 |             32 |         1.03 |
|  ofdm_system_i/processing_system7_0/inst/FCLK_CLK0 | ofdm_system_i/ofdm_axi_lite_0/inst/u_core/u_s2p/parallel_data[415]_i_1_n_0                                                                                        |                                                                                                                                                          |               29 |             32 |         1.10 |
|  ofdm_system_i/processing_system7_0/inst/FCLK_CLK0 | ofdm_system_i/ofdm_axi_lite_0/inst/u_core/u_s2p/parallel_data[447]_i_1_n_0                                                                                        |                                                                                                                                                          |               27 |             32 |         1.19 |
|  ofdm_system_i/processing_system7_0/inst/FCLK_CLK0 | ofdm_system_i/ofdm_axi_lite_0/inst/u_core/u_s2p/parallel_data[191]_i_1_n_0                                                                                        |                                                                                                                                                          |               29 |             32 |         1.10 |
|  ofdm_system_i/processing_system7_0/inst/FCLK_CLK0 | ofdm_system_i/ofdm_axi_lite_0/inst/u_core/u_s2p/parallel_data[1855]_i_1_n_0                                                                                       |                                                                                                                                                          |               28 |             32 |         1.14 |
|  ofdm_system_i/processing_system7_0/inst/FCLK_CLK0 | ofdm_system_i/ofdm_axi_lite_0/inst/u_core/u_s2p/parallel_data[671]_i_1_n_0                                                                                        |                                                                                                                                                          |               29 |             32 |         1.10 |
|  ofdm_system_i/processing_system7_0/inst/FCLK_CLK0 | ofdm_system_i/ofdm_axi_lite_0/inst/u_core/u_s2p/parallel_data[927]_i_1_n_0                                                                                        |                                                                                                                                                          |               28 |             32 |         1.14 |
|  ofdm_system_i/processing_system7_0/inst/FCLK_CLK0 | ofdm_system_i/ofdm_axi_lite_0/inst/u_core/u_s2p/parallel_data[319]_i_1_n_0                                                                                        |                                                                                                                                                          |               27 |             32 |         1.19 |
|  ofdm_system_i/processing_system7_0/inst/FCLK_CLK0 | ofdm_system_i/ofdm_axi_lite_0/inst/u_core/u_s2p/parallel_data[607]_i_1_n_0                                                                                        |                                                                                                                                                          |               30 |             32 |         1.07 |
|  ofdm_system_i/processing_system7_0/inst/FCLK_CLK0 | ofdm_system_i/ofdm_axi_lite_0/inst/u_core/u_s2p/parallel_data[1919]_i_1_n_0                                                                                       |                                                                                                                                                          |               15 |             32 |         2.13 |
|  ofdm_system_i/processing_system7_0/inst/FCLK_CLK0 | ofdm_system_i/ofdm_axi_lite_0/inst/u_core/u_s2p/parallel_data[1951]_i_1_n_0                                                                                       |                                                                                                                                                          |               26 |             32 |         1.23 |
|  ofdm_system_i/processing_system7_0/inst/FCLK_CLK0 | ofdm_system_i/ofdm_axi_lite_0/inst/u_core/u_s2p/parallel_data[2047]_i_1_n_0                                                                                       |                                                                                                                                                          |               27 |             32 |         1.19 |
|  ofdm_system_i/processing_system7_0/inst/FCLK_CLK0 | ofdm_system_i/ofdm_axi_lite_0/inst/u_core/u_s2p/parallel_data[31]_i_1_n_0                                                                                         |                                                                                                                                                          |               32 |             32 |         1.00 |
|  ofdm_system_i/processing_system7_0/inst/FCLK_CLK0 | ofdm_system_i/ofdm_axi_lite_0/inst/u_core/u_s2p/parallel_data[479]_i_1_n_0                                                                                        |                                                                                                                                                          |               30 |             32 |         1.07 |
|  ofdm_system_i/processing_system7_0/inst/FCLK_CLK0 | ofdm_system_i/ofdm_axi_lite_0/inst/u_core/u_s2p/parallel_data[511]_i_1_n_0                                                                                        |                                                                                                                                                          |               27 |             32 |         1.19 |
|  ofdm_system_i/processing_system7_0/inst/FCLK_CLK0 | ofdm_system_i/ofdm_axi_lite_0/inst/u_core/u_s2p/parallel_data[575]_i_1_n_0                                                                                        |                                                                                                                                                          |               31 |             32 |         1.03 |
|  ofdm_system_i/processing_system7_0/inst/FCLK_CLK0 | ofdm_system_i/ofdm_axi_lite_0/inst/u_core/u_s2p/parallel_data[703]_i_1_n_0                                                                                        |                                                                                                                                                          |               29 |             32 |         1.10 |
|  ofdm_system_i/processing_system7_0/inst/FCLK_CLK0 | ofdm_system_i/ofdm_axi_lite_0/inst/u_core/u_s2p/parallel_data[863]_i_1_n_0                                                                                        |                                                                                                                                                          |               29 |             32 |         1.10 |
|  ofdm_system_i/processing_system7_0/inst/FCLK_CLK0 | ofdm_system_i/ofdm_axi_lite_0/inst/u_core/u_s2p/parallel_data[2015]_i_1_n_0                                                                                       |                                                                                                                                                          |               30 |             32 |         1.07 |
|  ofdm_system_i/processing_system7_0/inst/FCLK_CLK0 | ofdm_system_i/ofdm_axi_lite_0/inst/u_core/u_s2p/parallel_data[639]_i_1_n_0                                                                                        |                                                                                                                                                          |               15 |             32 |         2.13 |
|  ofdm_system_i/processing_system7_0/inst/FCLK_CLK0 | ofdm_system_i/ofdm_axi_lite_0/inst/u_core/u_s2p/parallel_data[735]_i_1_n_0                                                                                        |                                                                                                                                                          |               28 |             32 |         1.14 |
|  ofdm_system_i/processing_system7_0/inst/FCLK_CLK0 | ofdm_system_i/ofdm_axi_lite_0/inst/u_core/u_ifft/u_br/buf_re[101][15]_i_1_n_0                                                                                     |                                                                                                                                                          |               16 |             32 |         2.00 |
|  ofdm_system_i/processing_system7_0/inst/FCLK_CLK0 | ofdm_system_i/ofdm_axi_lite_0/inst/u_core/u_ifft/u_br/buf_re[102][15]_i_1_n_0                                                                                     |                                                                                                                                                          |               16 |             32 |         2.00 |
|  ofdm_system_i/processing_system7_0/inst/FCLK_CLK0 | ofdm_system_i/ofdm_axi_lite_0/inst/u_core/u_ifft/u_br/buf_re[112][15]_i_1_n_0                                                                                     |                                                                                                                                                          |               22 |             32 |         1.45 |
|  ofdm_system_i/processing_system7_0/inst/FCLK_CLK0 | ofdm_system_i/ofdm_axi_lite_0/inst/u_core/u_ifft/u_br/buf_re[121][15]_i_1_n_0                                                                                     |                                                                                                                                                          |               20 |             32 |         1.60 |
|  ofdm_system_i/processing_system7_0/inst/FCLK_CLK0 | ofdm_system_i/ofdm_axi_lite_0/inst/u_core/u_ifft/u_br/buf_re[114][15]_i_1_n_0                                                                                     |                                                                                                                                                          |               17 |             32 |         1.88 |
|  ofdm_system_i/processing_system7_0/inst/FCLK_CLK0 | ofdm_system_i/ofdm_axi_lite_0/inst/u_core/u_ifft/u_br/buf_re[124][15]_i_1_n_0                                                                                     |                                                                                                                                                          |               17 |             32 |         1.88 |
|  ofdm_system_i/processing_system7_0/inst/FCLK_CLK0 | ofdm_system_i/ofdm_axi_lite_0/inst/u_core/u_ifft/u_br/buf_re[126][15]_i_1_n_0                                                                                     |                                                                                                                                                          |               19 |             32 |         1.68 |
|  ofdm_system_i/processing_system7_0/inst/FCLK_CLK0 | ofdm_system_i/ofdm_axi_lite_0/inst/u_core/u_ifft/u_br/buf_re[109][15]_i_1_n_0                                                                                     |                                                                                                                                                          |               14 |             32 |         2.29 |
|  ofdm_system_i/processing_system7_0/inst/FCLK_CLK0 | ofdm_system_i/ofdm_axi_lite_0/inst/u_core/u_ifft/u_br/buf_re[127][15]_i_1_n_0                                                                                     |                                                                                                                                                          |               28 |             32 |         1.14 |
|  ofdm_system_i/processing_system7_0/inst/FCLK_CLK0 | ofdm_system_i/ofdm_axi_lite_0/inst/u_core/u_ifft/u_br/buf_re[128][15]_i_1_n_0                                                                                     |                                                                                                                                                          |               22 |             32 |         1.45 |
|  ofdm_system_i/processing_system7_0/inst/FCLK_CLK0 | ofdm_system_i/ofdm_axi_lite_0/inst/u_core/u_ifft/u_br/buf_re[110][15]_i_1_n_0                                                                                     |                                                                                                                                                          |               17 |             32 |         1.88 |
|  ofdm_system_i/processing_system7_0/inst/FCLK_CLK0 | ofdm_system_i/ofdm_axi_lite_0/inst/u_core/u_ifft/u_br/buf_re[122][15]_i_1_n_0                                                                                     |                                                                                                                                                          |               22 |             32 |         1.45 |
|  ofdm_system_i/processing_system7_0/inst/FCLK_CLK0 | ofdm_system_i/ofdm_axi_lite_0/inst/u_core/u_ifft/u_br/buf_re[11][15]_i_1_n_0                                                                                      |                                                                                                                                                          |               11 |             32 |         2.91 |
|  ofdm_system_i/processing_system7_0/inst/FCLK_CLK0 | ofdm_system_i/ofdm_axi_lite_0/inst/u_core/u_ifft/u_br/buf_re[119][15]_i_1_n_0                                                                                     |                                                                                                                                                          |               16 |             32 |         2.00 |
|  ofdm_system_i/processing_system7_0/inst/FCLK_CLK0 | ofdm_system_i/ofdm_axi_lite_0/inst/u_core/u_ifft/u_br/buf_re[125][15]_i_1_n_0                                                                                     |                                                                                                                                                          |               22 |             32 |         1.45 |
|  ofdm_system_i/processing_system7_0/inst/FCLK_CLK0 | ofdm_system_i/ofdm_axi_lite_0/inst/u_core/u_ifft/u_br/buf_re[129][15]_i_1_n_0                                                                                     |                                                                                                                                                          |               23 |             32 |         1.39 |
|  ofdm_system_i/processing_system7_0/inst/FCLK_CLK0 | ofdm_system_i/ofdm_axi_lite_0/inst/u_core/u_ifft/u_br/buf_re[12][15]_i_1_n_0                                                                                      |                                                                                                                                                          |               11 |             32 |         2.91 |
|  ofdm_system_i/processing_system7_0/inst/FCLK_CLK0 | ofdm_system_i/ofdm_axi_lite_0/inst/u_core/u_ifft/u_br/buf_re[130][15]_i_1_n_0                                                                                     |                                                                                                                                                          |               20 |             32 |         1.60 |
|  ofdm_system_i/processing_system7_0/inst/FCLK_CLK0 | ofdm_system_i/ofdm_axi_lite_0/inst/u_core/u_ifft/u_br/buf_re[105][15]_i_1_n_0                                                                                     |                                                                                                                                                          |               17 |             32 |         1.88 |
|  ofdm_system_i/processing_system7_0/inst/FCLK_CLK0 | ofdm_system_i/ofdm_axi_lite_0/inst/u_core/u_ifft/u_br/buf_re[108][15]_i_1_n_0                                                                                     |                                                                                                                                                          |               16 |             32 |         2.00 |
|  ofdm_system_i/processing_system7_0/inst/FCLK_CLK0 | ofdm_system_i/ofdm_axi_lite_0/inst/u_core/u_ifft/u_br/buf_re[113][15]_i_1_n_0                                                                                     |                                                                                                                                                          |               17 |             32 |         1.88 |
|  ofdm_system_i/processing_system7_0/inst/FCLK_CLK0 | ofdm_system_i/ofdm_axi_lite_0/inst/u_core/u_ifft/u_br/buf_re[106][15]_i_1_n_0                                                                                     |                                                                                                                                                          |               15 |             32 |         2.13 |
|  ofdm_system_i/processing_system7_0/inst/FCLK_CLK0 | ofdm_system_i/ofdm_axi_lite_0/inst/u_core/u_ifft/u_br/buf_re[111][15]_i_1_n_0                                                                                     |                                                                                                                                                          |               20 |             32 |         1.60 |
|  ofdm_system_i/processing_system7_0/inst/FCLK_CLK0 | ofdm_system_i/ofdm_axi_lite_0/inst/u_core/u_ifft/u_br/buf_re[0][15]_i_1_n_0                                                                                       |                                                                                                                                                          |               10 |             32 |         3.20 |
|  ofdm_system_i/processing_system7_0/inst/FCLK_CLK0 | ofdm_system_i/ofdm_axi_lite_0/inst/u_core/u_ifft/u_br/buf_re[115][15]_i_1_n_0                                                                                     |                                                                                                                                                          |               19 |             32 |         1.68 |
|  ofdm_system_i/processing_system7_0/inst/FCLK_CLK0 | ofdm_system_i/ofdm_axi_lite_0/inst/u_core/u_ifft/u_br/buf_re[116][15]_i_1_n_0                                                                                     |                                                                                                                                                          |               17 |             32 |         1.88 |
|  ofdm_system_i/processing_system7_0/inst/FCLK_CLK0 | ofdm_system_i/ofdm_axi_lite_0/inst/u_core/u_ifft/u_br/buf_re[104][15]_i_1_n_0                                                                                     |                                                                                                                                                          |               17 |             32 |         1.88 |
|  ofdm_system_i/processing_system7_0/inst/FCLK_CLK0 | ofdm_system_i/ofdm_axi_lite_0/inst/u_core/u_ifft/u_br/buf_re[10][15]_i_1_n_0                                                                                      |                                                                                                                                                          |               10 |             32 |         3.20 |
|  ofdm_system_i/processing_system7_0/inst/FCLK_CLK0 | ofdm_system_i/ofdm_axi_lite_0/inst/u_core/u_ifft/u_br/buf_re[117][15]_i_1_n_0                                                                                     |                                                                                                                                                          |               18 |             32 |         1.78 |
|  ofdm_system_i/processing_system7_0/inst/FCLK_CLK0 | ofdm_system_i/ofdm_axi_lite_0/inst/u_core/u_ifft/u_br/buf_re[118][15]_i_1_n_0                                                                                     |                                                                                                                                                          |               18 |             32 |         1.78 |
|  ofdm_system_i/processing_system7_0/inst/FCLK_CLK0 | ofdm_system_i/ofdm_axi_lite_0/inst/u_core/u_ifft/u_br/buf_re[120][15]_i_1_n_0                                                                                     |                                                                                                                                                          |               19 |             32 |         1.68 |
|  ofdm_system_i/processing_system7_0/inst/FCLK_CLK0 | ofdm_system_i/ofdm_axi_lite_0/inst/u_core/u_ifft/u_br/buf_re[123][15]_i_1_n_0                                                                                     |                                                                                                                                                          |               17 |             32 |         1.88 |
|  ofdm_system_i/processing_system7_0/inst/FCLK_CLK0 | ofdm_system_i/ofdm_axi_lite_0/inst/u_core/u_ifft/u_br/buf_re[103][15]_i_1_n_0                                                                                     |                                                                                                                                                          |               18 |             32 |         1.78 |
|  ofdm_system_i/processing_system7_0/inst/FCLK_CLK0 | ofdm_system_i/ofdm_axi_lite_0/inst/u_core/u_ifft/u_br/buf_re[100][15]_i_1_n_0                                                                                     |                                                                                                                                                          |               16 |             32 |         2.00 |
|  ofdm_system_i/processing_system7_0/inst/FCLK_CLK0 | ofdm_system_i/ofdm_axi_lite_0/inst/u_core/u_ifft/u_br/buf_re[141][15]_i_1_n_0                                                                                     |                                                                                                                                                          |               24 |             32 |         1.33 |
|  ofdm_system_i/processing_system7_0/inst/FCLK_CLK0 | ofdm_system_i/ofdm_axi_lite_0/inst/u_core/u_ifft/u_br/buf_re[162][15]_i_1_n_0                                                                                     |                                                                                                                                                          |               22 |             32 |         1.45 |
|  ofdm_system_i/processing_system7_0/inst/FCLK_CLK0 | ofdm_system_i/ofdm_axi_lite_0/inst/u_core/u_ifft/u_br/buf_re[164][15]_i_1_n_0                                                                                     |                                                                                                                                                          |               22 |             32 |         1.45 |
|  ofdm_system_i/processing_system7_0/inst/FCLK_CLK0 | ofdm_system_i/ofdm_axi_lite_0/inst/u_core/u_ifft/u_br/buf_re[166][15]_i_1_n_0                                                                                     |                                                                                                                                                          |               20 |             32 |         1.60 |
|  ofdm_system_i/processing_system7_0/inst/FCLK_CLK0 | ofdm_system_i/ofdm_axi_lite_0/inst/u_core/u_ifft/u_br/buf_re[170][15]_i_1_n_0                                                                                     |                                                                                                                                                          |               21 |             32 |         1.52 |
|  ofdm_system_i/processing_system7_0/inst/FCLK_CLK0 | ofdm_system_i/ofdm_axi_lite_0/inst/u_core/u_ifft/u_br/buf_re[13][15]_i_1_n_0                                                                                      |                                                                                                                                                          |               10 |             32 |         3.20 |
|  ofdm_system_i/processing_system7_0/inst/FCLK_CLK0 | ofdm_system_i/ofdm_axi_lite_0/inst/u_core/u_ifft/u_br/buf_re[171][15]_i_1_n_0                                                                                     |                                                                                                                                                          |               24 |             32 |         1.33 |
|  ofdm_system_i/processing_system7_0/inst/FCLK_CLK0 | ofdm_system_i/ofdm_axi_lite_0/inst/u_core/u_ifft/u_br/buf_re[172][15]_i_1_n_0                                                                                     |                                                                                                                                                          |               22 |             32 |         1.45 |
|  ofdm_system_i/processing_system7_0/inst/FCLK_CLK0 | ofdm_system_i/ofdm_axi_lite_0/inst/u_core/u_ifft/u_br/buf_re[173][15]_i_1_n_0                                                                                     |                                                                                                                                                          |               22 |             32 |         1.45 |
|  ofdm_system_i/processing_system7_0/inst/FCLK_CLK0 | ofdm_system_i/ofdm_axi_lite_0/inst/u_core/u_ifft/u_br/buf_re[150][15]_i_1_n_0                                                                                     |                                                                                                                                                          |               21 |             32 |         1.52 |
|  ofdm_system_i/processing_system7_0/inst/FCLK_CLK0 | ofdm_system_i/ofdm_axi_lite_0/inst/u_core/u_ifft/u_br/buf_re[14][15]_i_1_n_0                                                                                      |                                                                                                                                                          |               10 |             32 |         3.20 |
|  ofdm_system_i/processing_system7_0/inst/FCLK_CLK0 | ofdm_system_i/ofdm_axi_lite_0/inst/u_core/u_ifft/u_br/buf_re[157][15]_i_1_n_0                                                                                     |                                                                                                                                                          |               21 |             32 |         1.52 |
|  ofdm_system_i/processing_system7_0/inst/FCLK_CLK0 | ofdm_system_i/ofdm_axi_lite_0/inst/u_core/u_ifft/u_br/buf_re[149][15]_i_1_n_0                                                                                     |                                                                                                                                                          |               20 |             32 |         1.60 |
|  ofdm_system_i/processing_system7_0/inst/FCLK_CLK0 | ofdm_system_i/ofdm_axi_lite_0/inst/u_core/u_ifft/u_br/buf_re[134][15]_i_1_n_0                                                                                     |                                                                                                                                                          |               20 |             32 |         1.60 |
|  ofdm_system_i/processing_system7_0/inst/FCLK_CLK0 | ofdm_system_i/ofdm_axi_lite_0/inst/u_core/u_ifft/u_br/buf_re[163][15]_i_1_n_0                                                                                     |                                                                                                                                                          |               22 |             32 |         1.45 |
|  ofdm_system_i/processing_system7_0/inst/FCLK_CLK0 | ofdm_system_i/ofdm_axi_lite_0/inst/u_core/u_ifft/u_br/buf_re[169][15]_i_1_n_0                                                                                     |                                                                                                                                                          |               22 |             32 |         1.45 |
|  ofdm_system_i/processing_system7_0/inst/FCLK_CLK0 | ofdm_system_i/ofdm_axi_lite_0/inst/u_core/u_ifft/u_br/buf_re[142][15]_i_1_n_0                                                                                     |                                                                                                                                                          |               25 |             32 |         1.28 |
|  ofdm_system_i/processing_system7_0/inst/FCLK_CLK0 | ofdm_system_i/ofdm_axi_lite_0/inst/u_core/u_ifft/u_br/buf_re[145][15]_i_1_n_0                                                                                     |                                                                                                                                                          |               21 |             32 |         1.52 |
|  ofdm_system_i/processing_system7_0/inst/FCLK_CLK0 | ofdm_system_i/ofdm_axi_lite_0/inst/u_core/u_ifft/u_br/buf_re[165][15]_i_1_n_0                                                                                     |                                                                                                                                                          |               18 |             32 |         1.78 |
|  ofdm_system_i/processing_system7_0/inst/FCLK_CLK0 | ofdm_system_i/ofdm_axi_lite_0/inst/u_core/u_ifft/u_br/buf_re[167][15]_i_1_n_0                                                                                     |                                                                                                                                                          |               21 |             32 |         1.52 |
|  ofdm_system_i/processing_system7_0/inst/FCLK_CLK0 | ofdm_system_i/ofdm_axi_lite_0/inst/u_core/u_ifft/u_br/buf_re[138][15]_i_1_n_0                                                                                     |                                                                                                                                                          |               22 |             32 |         1.45 |
|  ofdm_system_i/processing_system7_0/inst/FCLK_CLK0 | ofdm_system_i/ofdm_axi_lite_0/inst/u_core/u_ifft/u_br/buf_re[144][15]_i_1_n_0                                                                                     |                                                                                                                                                          |               23 |             32 |         1.39 |
|  ofdm_system_i/processing_system7_0/inst/FCLK_CLK0 | ofdm_system_i/ofdm_axi_lite_0/inst/u_core/u_ifft/u_br/buf_re[135][15]_i_1_n_0                                                                                     |                                                                                                                                                          |               24 |             32 |         1.33 |
|  ofdm_system_i/processing_system7_0/inst/FCLK_CLK0 | ofdm_system_i/ofdm_axi_lite_0/inst/u_core/u_ifft/u_br/buf_re[137][15]_i_1_n_0                                                                                     |                                                                                                                                                          |               23 |             32 |         1.39 |
|  ofdm_system_i/processing_system7_0/inst/FCLK_CLK0 | ofdm_system_i/ofdm_axi_lite_0/inst/u_core/u_ifft/u_br/buf_re[156][15]_i_1_n_0                                                                                     |                                                                                                                                                          |               26 |             32 |         1.23 |
|  ofdm_system_i/processing_system7_0/inst/FCLK_CLK0 | ofdm_system_i/ofdm_axi_lite_0/inst/u_core/u_ifft/u_br/buf_re[15][15]_i_1_n_0                                                                                      |                                                                                                                                                          |               10 |             32 |         3.20 |
|  ofdm_system_i/processing_system7_0/inst/FCLK_CLK0 | ofdm_system_i/ofdm_axi_lite_0/inst/u_core/u_ifft/u_br/buf_re[161][15]_i_1_n_0                                                                                     |                                                                                                                                                          |               21 |             32 |         1.52 |
|  ofdm_system_i/processing_system7_0/inst/FCLK_CLK0 | ofdm_system_i/ofdm_axi_lite_0/inst/u_core/u_ifft/u_br/buf_re[168][15]_i_1_n_0                                                                                     |                                                                                                                                                          |               20 |             32 |         1.60 |
|  ofdm_system_i/processing_system7_0/inst/FCLK_CLK0 | ofdm_system_i/ofdm_axi_lite_0/inst/u_core/u_ifft/u_br/buf_re[16][15]_i_1_n_0                                                                                      |                                                                                                                                                          |               19 |             32 |         1.68 |
|  ofdm_system_i/processing_system7_0/inst/FCLK_CLK0 | ofdm_system_i/ofdm_axi_lite_0/inst/u_core/u_ifft/u_br/buf_re[159][15]_i_1_n_0                                                                                     |                                                                                                                                                          |               29 |             32 |         1.10 |
|  ofdm_system_i/processing_system7_0/inst/FCLK_CLK0 | ofdm_system_i/ofdm_axi_lite_0/inst/u_core/u_ifft/u_br/buf_re[160][15]_i_1_n_0                                                                                     |                                                                                                                                                          |               21 |             32 |         1.52 |
|  ofdm_system_i/processing_system7_0/inst/FCLK_CLK0 | ofdm_system_i/ofdm_axi_lite_0/inst/u_core/u_ifft/u_br/buf_re[131][15]_i_1_n_0                                                                                     |                                                                                                                                                          |               21 |             32 |         1.52 |
|  ofdm_system_i/processing_system7_0/inst/FCLK_CLK0 | ofdm_system_i/ofdm_axi_lite_0/inst/u_core/u_ifft/u_br/buf_re[136][15]_i_1_n_0                                                                                     |                                                                                                                                                          |               20 |             32 |         1.60 |
|  ofdm_system_i/processing_system7_0/inst/FCLK_CLK0 | ofdm_system_i/ofdm_axi_lite_0/inst/u_core/u_ifft/u_br/buf_re[139][15]_i_1_n_0                                                                                     |                                                                                                                                                          |               22 |             32 |         1.45 |
|  ofdm_system_i/processing_system7_0/inst/FCLK_CLK0 | ofdm_system_i/ofdm_axi_lite_0/inst/u_core/u_ifft/u_br/buf_re[148][15]_i_1_n_0                                                                                     |                                                                                                                                                          |               23 |             32 |         1.39 |
|  ofdm_system_i/processing_system7_0/inst/FCLK_CLK0 | ofdm_system_i/ofdm_axi_lite_0/inst/u_core/u_ifft/u_br/buf_re[151][15]_i_1_n_0                                                                                     |                                                                                                                                                          |               21 |             32 |         1.52 |
|  ofdm_system_i/processing_system7_0/inst/FCLK_CLK0 | ofdm_system_i/ofdm_axi_lite_0/inst/u_core/u_ifft/u_br/buf_re[152][15]_i_1_n_0                                                                                     |                                                                                                                                                          |               20 |             32 |         1.60 |
|  ofdm_system_i/processing_system7_0/inst/FCLK_CLK0 | ofdm_system_i/ofdm_axi_lite_0/inst/u_core/u_ifft/u_br/buf_re[153][15]_i_1_n_0                                                                                     |                                                                                                                                                          |               22 |             32 |         1.45 |
|  ofdm_system_i/processing_system7_0/inst/FCLK_CLK0 | ofdm_system_i/ofdm_axi_lite_0/inst/u_core/u_ifft/u_br/buf_re[154][15]_i_1_n_0                                                                                     |                                                                                                                                                          |               22 |             32 |         1.45 |
|  ofdm_system_i/processing_system7_0/inst/FCLK_CLK0 | ofdm_system_i/ofdm_axi_lite_0/inst/u_core/u_ifft/u_br/buf_re[155][15]_i_1_n_0                                                                                     |                                                                                                                                                          |               19 |             32 |         1.68 |
|  ofdm_system_i/processing_system7_0/inst/FCLK_CLK0 | ofdm_system_i/ofdm_axi_lite_0/inst/u_core/u_ifft/u_br/buf_re[143][15]_i_1_n_0                                                                                     |                                                                                                                                                          |               27 |             32 |         1.19 |
|  ofdm_system_i/processing_system7_0/inst/FCLK_CLK0 | ofdm_system_i/ofdm_axi_lite_0/inst/u_core/u_ifft/u_br/buf_re[140][15]_i_1_n_0                                                                                     |                                                                                                                                                          |               24 |             32 |         1.33 |
|  ofdm_system_i/processing_system7_0/inst/FCLK_CLK0 | ofdm_system_i/ofdm_axi_lite_0/inst/u_core/u_ifft/u_br/buf_re[146][15]_i_1_n_0                                                                                     |                                                                                                                                                          |               21 |             32 |         1.52 |
|  ofdm_system_i/processing_system7_0/inst/FCLK_CLK0 | ofdm_system_i/ofdm_axi_lite_0/inst/u_core/u_ifft/u_br/buf_re[158][15]_i_1_n_0                                                                                     |                                                                                                                                                          |               24 |             32 |         1.33 |
|  ofdm_system_i/processing_system7_0/inst/FCLK_CLK0 | ofdm_system_i/ofdm_axi_lite_0/inst/u_core/u_ifft/u_br/buf_re[132][15]_i_1_n_0                                                                                     |                                                                                                                                                          |               22 |             32 |         1.45 |
|  ofdm_system_i/processing_system7_0/inst/FCLK_CLK0 | ofdm_system_i/ofdm_axi_lite_0/inst/u_core/u_ifft/u_br/buf_re[133][15]_i_1_n_0                                                                                     |                                                                                                                                                          |               21 |             32 |         1.52 |
|  ofdm_system_i/processing_system7_0/inst/FCLK_CLK0 | ofdm_system_i/ofdm_axi_lite_0/inst/u_core/u_ifft/u_br/buf_re[147][15]_i_1_n_0                                                                                     |                                                                                                                                                          |               22 |             32 |         1.45 |
|  ofdm_system_i/processing_system7_0/inst/FCLK_CLK0 | ofdm_system_i/ofdm_axi_lite_0/inst/u_core/u_ifft/u_br/buf_re[182][15]_i_1_n_0                                                                                     |                                                                                                                                                          |               20 |             32 |         1.60 |
|  ofdm_system_i/processing_system7_0/inst/FCLK_CLK0 | ofdm_system_i/ofdm_axi_lite_0/inst/u_core/u_ifft/u_br/buf_re[204][15]_i_1_n_0                                                                                     |                                                                                                                                                          |               19 |             32 |         1.68 |
|  ofdm_system_i/processing_system7_0/inst/FCLK_CLK0 | ofdm_system_i/ofdm_axi_lite_0/inst/u_core/u_ifft/u_br/buf_re[207][15]_i_1_n_0                                                                                     |                                                                                                                                                          |               24 |             32 |         1.33 |
|  ofdm_system_i/processing_system7_0/inst/FCLK_CLK0 | ofdm_system_i/ofdm_axi_lite_0/inst/u_core/u_ifft/u_br/buf_re[191][15]_i_1_n_0                                                                                     |                                                                                                                                                          |               23 |             32 |         1.39 |
|  ofdm_system_i/processing_system7_0/inst/FCLK_CLK0 | ofdm_system_i/ofdm_axi_lite_0/inst/u_core/u_ifft/u_br/buf_re[192][15]_i_1_n_0                                                                                     |                                                                                                                                                          |               12 |             32 |         2.67 |
|  ofdm_system_i/processing_system7_0/inst/FCLK_CLK0 | ofdm_system_i/ofdm_axi_lite_0/inst/u_core/u_ifft/u_br/buf_re[195][15]_i_1_n_0                                                                                     |                                                                                                                                                          |               13 |             32 |         2.46 |
|  ofdm_system_i/processing_system7_0/inst/FCLK_CLK0 | ofdm_system_i/ofdm_axi_lite_0/inst/u_core/u_ifft/u_br/buf_re[200][15]_i_1_n_0                                                                                     |                                                                                                                                                          |               13 |             32 |         2.46 |
|  ofdm_system_i/processing_system7_0/inst/FCLK_CLK0 | ofdm_system_i/ofdm_axi_lite_0/inst/u_core/u_ifft/u_br/buf_re[205][15]_i_1_n_0                                                                                     |                                                                                                                                                          |               20 |             32 |         1.60 |
|  ofdm_system_i/processing_system7_0/inst/FCLK_CLK0 | ofdm_system_i/ofdm_axi_lite_0/inst/u_core/u_ifft/u_br/buf_re[209][15]_i_1_n_0                                                                                     |                                                                                                                                                          |               17 |             32 |         1.88 |
|  ofdm_system_i/processing_system7_0/inst/FCLK_CLK0 | ofdm_system_i/ofdm_axi_lite_0/inst/u_core/u_ifft/u_br/buf_re[185][15]_i_1_n_0                                                                                     |                                                                                                                                                          |               20 |             32 |         1.60 |
|  ofdm_system_i/processing_system7_0/inst/FCLK_CLK0 | ofdm_system_i/ofdm_axi_lite_0/inst/u_core/u_ifft/u_br/buf_re[20][15]_i_1_n_0                                                                                      |                                                                                                                                                          |               19 |             32 |         1.68 |
|  ofdm_system_i/processing_system7_0/inst/FCLK_CLK0 | ofdm_system_i/ofdm_axi_lite_0/inst/u_core/u_ifft/u_br/buf_re[177][15]_i_1_n_0                                                                                     |                                                                                                                                                          |               20 |             32 |         1.60 |
|  ofdm_system_i/processing_system7_0/inst/FCLK_CLK0 | ofdm_system_i/ofdm_axi_lite_0/inst/u_core/u_ifft/u_br/buf_re[210][15]_i_1_n_0                                                                                     |                                                                                                                                                          |               19 |             32 |         1.68 |
|  ofdm_system_i/processing_system7_0/inst/FCLK_CLK0 | ofdm_system_i/ofdm_axi_lite_0/inst/u_core/u_ifft/u_br/buf_re[211][15]_i_1_n_0                                                                                     |                                                                                                                                                          |               19 |             32 |         1.68 |
|  ofdm_system_i/processing_system7_0/inst/FCLK_CLK0 | ofdm_system_i/ofdm_axi_lite_0/inst/u_core/u_ifft/u_br/buf_re[199][15]_i_1_n_0                                                                                     |                                                                                                                                                          |               13 |             32 |         2.46 |
|  ofdm_system_i/processing_system7_0/inst/FCLK_CLK0 | ofdm_system_i/ofdm_axi_lite_0/inst/u_core/u_ifft/u_br/buf_re[212][15]_i_1_n_0                                                                                     |                                                                                                                                                          |               19 |             32 |         1.68 |
|  ofdm_system_i/processing_system7_0/inst/FCLK_CLK0 | ofdm_system_i/ofdm_axi_lite_0/inst/u_core/u_ifft/u_br/buf_re[213][15]_i_1_n_0                                                                                     |                                                                                                                                                          |               19 |             32 |         1.68 |
|  ofdm_system_i/processing_system7_0/inst/FCLK_CLK0 | ofdm_system_i/ofdm_axi_lite_0/inst/u_core/u_ifft/u_br/buf_re[183][15]_i_1_n_0                                                                                     |                                                                                                                                                          |               17 |             32 |         1.88 |
|  ofdm_system_i/processing_system7_0/inst/FCLK_CLK0 | ofdm_system_i/ofdm_axi_lite_0/inst/u_core/u_ifft/u_br/buf_re[188][15]_i_1_n_0                                                                                     |                                                                                                                                                          |               22 |             32 |         1.45 |
|  ofdm_system_i/processing_system7_0/inst/FCLK_CLK0 | ofdm_system_i/ofdm_axi_lite_0/inst/u_core/u_ifft/u_br/buf_re[190][15]_i_1_n_0                                                                                     |                                                                                                                                                          |               21 |             32 |         1.52 |
|  ofdm_system_i/processing_system7_0/inst/FCLK_CLK0 | ofdm_system_i/ofdm_axi_lite_0/inst/u_core/u_ifft/u_br/buf_re[17][15]_i_1_n_0                                                                                      |                                                                                                                                                          |               18 |             32 |         1.78 |
|  ofdm_system_i/processing_system7_0/inst/FCLK_CLK0 | ofdm_system_i/ofdm_axi_lite_0/inst/u_core/u_ifft/u_br/buf_re[179][15]_i_1_n_0                                                                                     |                                                                                                                                                          |               18 |             32 |         1.78 |
|  ofdm_system_i/processing_system7_0/inst/FCLK_CLK0 | ofdm_system_i/ofdm_axi_lite_0/inst/u_core/u_ifft/u_br/buf_re[19][15]_i_1_n_0                                                                                      |                                                                                                                                                          |               19 |             32 |         1.68 |
|  ofdm_system_i/processing_system7_0/inst/FCLK_CLK0 | ofdm_system_i/ofdm_axi_lite_0/inst/u_core/u_ifft/u_br/buf_re[197][15]_i_1_n_0                                                                                     |                                                                                                                                                          |               14 |             32 |         2.29 |
|  ofdm_system_i/processing_system7_0/inst/FCLK_CLK0 | ofdm_system_i/ofdm_axi_lite_0/inst/u_core/u_ifft/u_br/buf_re[187][15]_i_1_n_0                                                                                     |                                                                                                                                                          |               22 |             32 |         1.45 |
|  ofdm_system_i/processing_system7_0/inst/FCLK_CLK0 | ofdm_system_i/ofdm_axi_lite_0/inst/u_core/u_ifft/u_br/buf_re[206][15]_i_1_n_0                                                                                     |                                                                                                                                                          |               16 |             32 |         2.00 |
|  ofdm_system_i/processing_system7_0/inst/FCLK_CLK0 | ofdm_system_i/ofdm_axi_lite_0/inst/u_core/u_ifft/u_br/buf_re[208][15]_i_1_n_0                                                                                     |                                                                                                                                                          |               20 |             32 |         1.60 |
|  ofdm_system_i/processing_system7_0/inst/FCLK_CLK0 | ofdm_system_i/ofdm_axi_lite_0/inst/u_core/u_ifft/u_br/buf_re[193][15]_i_1_n_0                                                                                     |                                                                                                                                                          |               18 |             32 |         1.78 |
|  ofdm_system_i/processing_system7_0/inst/FCLK_CLK0 | ofdm_system_i/ofdm_axi_lite_0/inst/u_core/u_ifft/u_br/buf_re[176][15]_i_1_n_0                                                                                     |                                                                                                                                                          |               19 |             32 |         1.68 |
|  ofdm_system_i/processing_system7_0/inst/FCLK_CLK0 | ofdm_system_i/ofdm_axi_lite_0/inst/u_core/u_ifft/u_br/buf_re[186][15]_i_1_n_0                                                                                     |                                                                                                                                                          |               17 |             32 |         1.88 |
|  ofdm_system_i/processing_system7_0/inst/FCLK_CLK0 | ofdm_system_i/ofdm_axi_lite_0/inst/u_core/u_ifft/u_br/buf_re[178][15]_i_1_n_0                                                                                     |                                                                                                                                                          |               18 |             32 |         1.78 |
|  ofdm_system_i/processing_system7_0/inst/FCLK_CLK0 | ofdm_system_i/ofdm_axi_lite_0/inst/u_core/u_ifft/u_br/buf_re[175][15]_i_1_n_0                                                                                     |                                                                                                                                                          |               25 |             32 |         1.28 |
|  ofdm_system_i/processing_system7_0/inst/FCLK_CLK0 | ofdm_system_i/ofdm_axi_lite_0/inst/u_core/u_ifft/u_br/buf_re[184][15]_i_1_n_0                                                                                     |                                                                                                                                                          |               21 |             32 |         1.52 |
|  ofdm_system_i/processing_system7_0/inst/FCLK_CLK0 | ofdm_system_i/ofdm_axi_lite_0/inst/u_core/u_ifft/u_br/buf_re[189][15]_i_1_n_0                                                                                     |                                                                                                                                                          |               19 |             32 |         1.68 |
|  ofdm_system_i/processing_system7_0/inst/FCLK_CLK0 | ofdm_system_i/ofdm_axi_lite_0/inst/u_core/u_ifft/u_br/buf_re[194][15]_i_1_n_0                                                                                     |                                                                                                                                                          |               14 |             32 |         2.29 |
|  ofdm_system_i/processing_system7_0/inst/FCLK_CLK0 | ofdm_system_i/ofdm_axi_lite_0/inst/u_core/u_ifft/u_br/buf_re[196][15]_i_1_n_0                                                                                     |                                                                                                                                                          |               16 |             32 |         2.00 |
|  ofdm_system_i/processing_system7_0/inst/FCLK_CLK0 | ofdm_system_i/ofdm_axi_lite_0/inst/u_core/u_ifft/u_br/buf_re[198][15]_i_1_n_0                                                                                     |                                                                                                                                                          |               13 |             32 |         2.46 |
|  ofdm_system_i/processing_system7_0/inst/FCLK_CLK0 | ofdm_system_i/ofdm_axi_lite_0/inst/u_core/u_ifft/u_br/buf_re[1][15]_i_1_n_0                                                                                       |                                                                                                                                                          |               13 |             32 |         2.46 |
|  ofdm_system_i/processing_system7_0/inst/FCLK_CLK0 | ofdm_system_i/ofdm_axi_lite_0/inst/u_core/u_ifft/u_br/buf_re[201][15]_i_1_n_0                                                                                     |                                                                                                                                                          |               14 |             32 |         2.29 |
|  ofdm_system_i/processing_system7_0/inst/FCLK_CLK0 | ofdm_system_i/ofdm_axi_lite_0/inst/u_core/u_ifft/u_br/buf_re[181][15]_i_1_n_0                                                                                     |                                                                                                                                                          |               20 |             32 |         1.60 |
|  ofdm_system_i/processing_system7_0/inst/FCLK_CLK0 | ofdm_system_i/ofdm_axi_lite_0/inst/u_core/u_ifft/u_br/buf_re[174][15]_i_1_n_0                                                                                     |                                                                                                                                                          |               23 |             32 |         1.39 |
|  ofdm_system_i/processing_system7_0/inst/FCLK_CLK0 | ofdm_system_i/ofdm_axi_lite_0/inst/u_core/u_ifft/u_br/buf_re[202][15]_i_1_n_0                                                                                     |                                                                                                                                                          |               15 |             32 |         2.13 |
|  ofdm_system_i/processing_system7_0/inst/FCLK_CLK0 | ofdm_system_i/ofdm_axi_lite_0/inst/u_core/u_ifft/u_br/buf_re[180][15]_i_1_n_0                                                                                     |                                                                                                                                                          |               17 |             32 |         1.88 |
|  ofdm_system_i/processing_system7_0/inst/FCLK_CLK0 | ofdm_system_i/ofdm_axi_lite_0/inst/u_core/u_ifft/u_br/buf_re[18][15]_i_1_n_0                                                                                      |                                                                                                                                                          |               18 |             32 |         1.78 |
|  ofdm_system_i/processing_system7_0/inst/FCLK_CLK0 | ofdm_system_i/ofdm_axi_lite_0/inst/u_core/u_ifft/u_br/buf_re[203][15]_i_1_n_0                                                                                     |                                                                                                                                                          |               14 |             32 |         2.29 |
|  ofdm_system_i/processing_system7_0/inst/FCLK_CLK0 | ofdm_system_i/ofdm_axi_lite_0/inst/u_core/u_ifft/u_br/buf_re[229][15]_i_1_n_0                                                                                     |                                                                                                                                                          |               18 |             32 |         1.78 |
|  ofdm_system_i/processing_system7_0/inst/FCLK_CLK0 | ofdm_system_i/ofdm_axi_lite_0/inst/u_core/u_ifft/u_br/buf_re[240][15]_i_1_n_0                                                                                     |                                                                                                                                                          |               17 |             32 |         1.88 |
|  ofdm_system_i/processing_system7_0/inst/FCLK_CLK0 | ofdm_system_i/ofdm_axi_lite_0/inst/u_core/u_ifft/u_br/buf_re[246][15]_i_1_n_0                                                                                     |                                                                                                                                                          |               17 |             32 |         1.88 |
|  ofdm_system_i/processing_system7_0/inst/FCLK_CLK0 | ofdm_system_i/ofdm_axi_lite_0/inst/u_core/u_ifft/u_br/buf_re[230][15]_i_1_n_0                                                                                     |                                                                                                                                                          |               16 |             32 |         2.00 |
|  ofdm_system_i/processing_system7_0/inst/FCLK_CLK0 | ofdm_system_i/ofdm_axi_lite_0/inst/u_core/u_ifft/u_br/buf_re[216][15]_i_1_n_0                                                                                     |                                                                                                                                                          |               19 |             32 |         1.68 |
|  ofdm_system_i/processing_system7_0/inst/FCLK_CLK0 | ofdm_system_i/ofdm_axi_lite_0/inst/u_core/u_ifft/u_br/buf_re[237][15]_i_1_n_0                                                                                     |                                                                                                                                                          |               20 |             32 |         1.60 |
|  ofdm_system_i/processing_system7_0/inst/FCLK_CLK0 | ofdm_system_i/ofdm_axi_lite_0/inst/u_core/u_ifft/u_br/buf_re[248][15]_i_1_n_0                                                                                     |                                                                                                                                                          |               18 |             32 |         1.78 |
|  ofdm_system_i/processing_system7_0/inst/FCLK_CLK0 | ofdm_system_i/ofdm_axi_lite_0/inst/u_core/u_ifft/u_br/buf_re[241][15]_i_1_n_0                                                                                     |                                                                                                                                                          |               15 |             32 |         2.13 |
|  ofdm_system_i/processing_system7_0/inst/FCLK_CLK0 | ofdm_system_i/ofdm_axi_lite_0/inst/u_core/u_ifft/u_br/buf_re[233][15]_i_1_n_0                                                                                     |                                                                                                                                                          |               20 |             32 |         1.60 |
|  ofdm_system_i/processing_system7_0/inst/FCLK_CLK0 | ofdm_system_i/ofdm_axi_lite_0/inst/u_core/u_ifft/u_br/buf_re[220][15]_i_1_n_0                                                                                     |                                                                                                                                                          |               24 |             32 |         1.33 |
|  ofdm_system_i/processing_system7_0/inst/FCLK_CLK0 | ofdm_system_i/ofdm_axi_lite_0/inst/u_core/u_ifft/u_br/buf_re[221][15]_i_1_n_0                                                                                     |                                                                                                                                                          |               22 |             32 |         1.45 |
|  ofdm_system_i/processing_system7_0/inst/FCLK_CLK0 | ofdm_system_i/ofdm_axi_lite_0/inst/u_core/u_ifft/u_br/buf_re[234][15]_i_1_n_0                                                                                     |                                                                                                                                                          |               16 |             32 |         2.00 |
|  ofdm_system_i/processing_system7_0/inst/FCLK_CLK0 | ofdm_system_i/ofdm_axi_lite_0/inst/u_core/u_ifft/u_br/buf_re[218][15]_i_1_n_0                                                                                     |                                                                                                                                                          |               20 |             32 |         1.60 |
|  ofdm_system_i/processing_system7_0/inst/FCLK_CLK0 | ofdm_system_i/ofdm_axi_lite_0/inst/u_core/u_ifft/u_br/buf_re[243][15]_i_1_n_0                                                                                     |                                                                                                                                                          |               18 |             32 |         1.78 |
|  ofdm_system_i/processing_system7_0/inst/FCLK_CLK0 | ofdm_system_i/ofdm_axi_lite_0/inst/u_core/u_ifft/u_br/buf_re[214][15]_i_1_n_0                                                                                     |                                                                                                                                                          |               17 |             32 |         1.88 |
|  ofdm_system_i/processing_system7_0/inst/FCLK_CLK0 | ofdm_system_i/ofdm_axi_lite_0/inst/u_core/u_ifft/u_br/buf_re[223][15]_i_1_n_0                                                                                     |                                                                                                                                                          |               26 |             32 |         1.23 |
|  ofdm_system_i/processing_system7_0/inst/FCLK_CLK0 | ofdm_system_i/ofdm_axi_lite_0/inst/u_core/u_ifft/u_br/buf_re[228][15]_i_1_n_0                                                                                     |                                                                                                                                                          |               16 |             32 |         2.00 |
|  ofdm_system_i/processing_system7_0/inst/FCLK_CLK0 | ofdm_system_i/ofdm_axi_lite_0/inst/u_core/u_ifft/u_br/buf_re[244][15]_i_1_n_0                                                                                     |                                                                                                                                                          |               17 |             32 |         1.88 |
|  ofdm_system_i/processing_system7_0/inst/FCLK_CLK0 | ofdm_system_i/ofdm_axi_lite_0/inst/u_core/u_ifft/u_br/buf_re[249][15]_i_1_n_0                                                                                     |                                                                                                                                                          |               16 |             32 |         2.00 |
|  ofdm_system_i/processing_system7_0/inst/FCLK_CLK0 | ofdm_system_i/ofdm_axi_lite_0/inst/u_core/u_ifft/u_br/buf_re[226][15]_i_1_n_0                                                                                     |                                                                                                                                                          |               16 |             32 |         2.00 |
|  ofdm_system_i/processing_system7_0/inst/FCLK_CLK0 | ofdm_system_i/ofdm_axi_lite_0/inst/u_core/u_ifft/u_br/buf_re[215][15]_i_1_n_0                                                                                     |                                                                                                                                                          |               17 |             32 |         1.88 |
|  ofdm_system_i/processing_system7_0/inst/FCLK_CLK0 | ofdm_system_i/ofdm_axi_lite_0/inst/u_core/u_ifft/u_br/buf_re[238][15]_i_1_n_0                                                                                     |                                                                                                                                                          |               18 |             32 |         1.78 |
|  ofdm_system_i/processing_system7_0/inst/FCLK_CLK0 | ofdm_system_i/ofdm_axi_lite_0/inst/u_core/u_ifft/u_br/buf_re[22][15]_i_1_n_0                                                                                      |                                                                                                                                                          |               20 |             32 |         1.60 |
|  ofdm_system_i/processing_system7_0/inst/FCLK_CLK0 | ofdm_system_i/ofdm_axi_lite_0/inst/u_core/u_ifft/u_br/buf_re[231][15]_i_1_n_0                                                                                     |                                                                                                                                                          |               17 |             32 |         1.88 |
|  ofdm_system_i/processing_system7_0/inst/FCLK_CLK0 | ofdm_system_i/ofdm_axi_lite_0/inst/u_core/u_ifft/u_br/buf_re[235][15]_i_1_n_0                                                                                     |                                                                                                                                                          |               23 |             32 |         1.39 |
|  ofdm_system_i/processing_system7_0/inst/FCLK_CLK0 | ofdm_system_i/ofdm_axi_lite_0/inst/u_core/u_ifft/u_br/buf_re[239][15]_i_1_n_0                                                                                     |                                                                                                                                                          |               23 |             32 |         1.39 |
|  ofdm_system_i/processing_system7_0/inst/FCLK_CLK0 | ofdm_system_i/ofdm_axi_lite_0/inst/u_core/u_ifft/u_br/buf_re[217][15]_i_1_n_0                                                                                     |                                                                                                                                                          |               20 |             32 |         1.60 |
|  ofdm_system_i/processing_system7_0/inst/FCLK_CLK0 | ofdm_system_i/ofdm_axi_lite_0/inst/u_core/u_ifft/u_br/buf_re[222][15]_i_1_n_0                                                                                     |                                                                                                                                                          |               22 |             32 |         1.45 |
|  ofdm_system_i/processing_system7_0/inst/FCLK_CLK0 | ofdm_system_i/ofdm_axi_lite_0/inst/u_core/u_ifft/u_br/buf_re[225][15]_i_1_n_0                                                                                     |                                                                                                                                                          |               17 |             32 |         1.88 |
|  ofdm_system_i/processing_system7_0/inst/FCLK_CLK0 | ofdm_system_i/ofdm_axi_lite_0/inst/u_core/u_ifft/u_br/buf_re[23][15]_i_1_n_0                                                                                      |                                                                                                                                                          |               17 |             32 |         1.88 |
|  ofdm_system_i/processing_system7_0/inst/FCLK_CLK0 | ofdm_system_i/ofdm_axi_lite_0/inst/u_core/u_ifft/u_br/buf_re[242][15]_i_1_n_0                                                                                     |                                                                                                                                                          |               15 |             32 |         2.13 |
|  ofdm_system_i/processing_system7_0/inst/FCLK_CLK0 | ofdm_system_i/ofdm_axi_lite_0/inst/u_core/u_ifft/u_br/buf_re[21][15]_i_1_n_0                                                                                      |                                                                                                                                                          |               15 |             32 |         2.13 |
|  ofdm_system_i/processing_system7_0/inst/FCLK_CLK0 | ofdm_system_i/ofdm_axi_lite_0/inst/u_core/u_ifft/u_br/buf_re[236][15]_i_1_n_0                                                                                     |                                                                                                                                                          |               17 |             32 |         1.88 |
|  ofdm_system_i/processing_system7_0/inst/FCLK_CLK0 | ofdm_system_i/ofdm_axi_lite_0/inst/u_core/u_ifft/u_br/buf_re[247][15]_i_1_n_0                                                                                     |                                                                                                                                                          |               15 |             32 |         2.13 |
|  ofdm_system_i/processing_system7_0/inst/FCLK_CLK0 | ofdm_system_i/ofdm_axi_lite_0/inst/u_core/u_ifft/u_br/buf_re[224][15]_i_1_n_0                                                                                     |                                                                                                                                                          |               19 |             32 |         1.68 |
|  ofdm_system_i/processing_system7_0/inst/FCLK_CLK0 | ofdm_system_i/ofdm_axi_lite_0/inst/u_core/u_ifft/u_br/buf_re[245][15]_i_1_n_0                                                                                     |                                                                                                                                                          |               15 |             32 |         2.13 |
|  ofdm_system_i/processing_system7_0/inst/FCLK_CLK0 | ofdm_system_i/ofdm_axi_lite_0/inst/u_core/u_ifft/u_br/buf_re[232][15]_i_1_n_0                                                                                     |                                                                                                                                                          |               16 |             32 |         2.00 |
|  ofdm_system_i/processing_system7_0/inst/FCLK_CLK0 | ofdm_system_i/ofdm_axi_lite_0/inst/u_core/u_ifft/u_br/buf_re[219][15]_i_1_n_0                                                                                     |                                                                                                                                                          |               18 |             32 |         1.78 |
|  ofdm_system_i/processing_system7_0/inst/FCLK_CLK0 | ofdm_system_i/ofdm_axi_lite_0/inst/u_core/u_ifft/u_br/buf_re[227][15]_i_1_n_0                                                                                     |                                                                                                                                                          |               15 |             32 |         2.13 |
|  ofdm_system_i/processing_system7_0/inst/FCLK_CLK0 | ofdm_system_i/ofdm_axi_lite_0/inst/u_core/u_ifft/u_br/buf_re[48][15]_i_1_n_0                                                                                      |                                                                                                                                                          |               19 |             32 |         1.68 |
|  ofdm_system_i/processing_system7_0/inst/FCLK_CLK0 | ofdm_system_i/ofdm_axi_lite_0/inst/u_core/u_ifft/u_br/buf_re[43][15]_i_1_n_0                                                                                      |                                                                                                                                                          |               25 |             32 |         1.28 |
|  ofdm_system_i/processing_system7_0/inst/FCLK_CLK0 | ofdm_system_i/ofdm_axi_lite_0/inst/u_core/u_ifft/u_br/buf_re[30][15]_i_1_n_0                                                                                      |                                                                                                                                                          |               23 |             32 |         1.39 |
|  ofdm_system_i/processing_system7_0/inst/FCLK_CLK0 | ofdm_system_i/ofdm_axi_lite_0/inst/u_core/u_ifft/u_br/buf_re[56][15]_i_1_n_0                                                                                      |                                                                                                                                                          |               18 |             32 |         1.78 |
|  ofdm_system_i/processing_system7_0/inst/FCLK_CLK0 | ofdm_system_i/ofdm_axi_lite_0/inst/u_core/u_ifft/u_br/buf_re[57][15]_i_1_n_0                                                                                      |                                                                                                                                                          |               17 |             32 |         1.88 |
|  ofdm_system_i/processing_system7_0/inst/FCLK_CLK0 | ofdm_system_i/ofdm_axi_lite_0/inst/u_core/u_ifft/u_br/buf_re[27][15]_i_1_n_0                                                                                      |                                                                                                                                                          |               20 |             32 |         1.60 |
|  ofdm_system_i/processing_system7_0/inst/FCLK_CLK0 | ofdm_system_i/ofdm_axi_lite_0/inst/u_core/u_ifft/u_br/buf_re[37][15]_i_1_n_0                                                                                      |                                                                                                                                                          |               24 |             32 |         1.33 |
|  ofdm_system_i/processing_system7_0/inst/FCLK_CLK0 | ofdm_system_i/ofdm_axi_lite_0/inst/u_core/u_ifft/u_br/buf_re[254][15]_i_1_n_0                                                                                     |                                                                                                                                                          |               21 |             32 |         1.52 |
|  ofdm_system_i/processing_system7_0/inst/FCLK_CLK0 | ofdm_system_i/ofdm_axi_lite_0/inst/u_core/u_ifft/u_br/buf_re[253][15]_i_1_n_0                                                                                     |                                                                                                                                                          |               17 |             32 |         1.88 |
|  ofdm_system_i/processing_system7_0/inst/FCLK_CLK0 | ofdm_system_i/ofdm_axi_lite_0/inst/u_core/u_ifft/u_br/buf_re[32][15]_i_1_n_0                                                                                      |                                                                                                                                                          |               24 |             32 |         1.33 |
|  ofdm_system_i/processing_system7_0/inst/FCLK_CLK0 | ofdm_system_i/ofdm_axi_lite_0/inst/u_core/u_ifft/u_br/buf_re[28][15]_i_1_n_0                                                                                      |                                                                                                                                                          |               18 |             32 |         1.78 |
|  ofdm_system_i/processing_system7_0/inst/FCLK_CLK0 | ofdm_system_i/ofdm_axi_lite_0/inst/u_core/u_ifft/u_br/buf_re[3][15]_i_1_n_0                                                                                       |                                                                                                                                                          |               13 |             32 |         2.46 |
|  ofdm_system_i/processing_system7_0/inst/FCLK_CLK0 | ofdm_system_i/ofdm_axi_lite_0/inst/u_core/u_ifft/u_br/buf_re[41][15]_i_1_n_0                                                                                      |                                                                                                                                                          |               20 |             32 |         1.60 |
|  ofdm_system_i/processing_system7_0/inst/FCLK_CLK0 | ofdm_system_i/ofdm_axi_lite_0/inst/u_core/u_ifft/u_br/buf_re[42][15]_i_1_n_0                                                                                      |                                                                                                                                                          |               25 |             32 |         1.28 |
|  ofdm_system_i/processing_system7_0/inst/FCLK_CLK0 | ofdm_system_i/ofdm_axi_lite_0/inst/u_core/u_ifft/u_br/buf_re[33][15]_i_1_n_0                                                                                      |                                                                                                                                                          |               23 |             32 |         1.39 |
|  ofdm_system_i/processing_system7_0/inst/FCLK_CLK0 | ofdm_system_i/ofdm_axi_lite_0/inst/u_core/u_ifft/u_br/buf_re[46][15]_i_1_n_0                                                                                      |                                                                                                                                                          |               25 |             32 |         1.28 |
|  ofdm_system_i/processing_system7_0/inst/FCLK_CLK0 | ofdm_system_i/ofdm_axi_lite_0/inst/u_core/u_ifft/u_br/buf_re[25][15]_i_1_n_0                                                                                      |                                                                                                                                                          |               17 |             32 |         1.88 |
|  ofdm_system_i/processing_system7_0/inst/FCLK_CLK0 | ofdm_system_i/ofdm_axi_lite_0/inst/u_core/u_ifft/u_br/buf_re[49][15]_i_1_n_0                                                                                      |                                                                                                                                                          |               19 |             32 |         1.68 |
|  ofdm_system_i/processing_system7_0/inst/FCLK_CLK0 | ofdm_system_i/ofdm_axi_lite_0/inst/u_core/u_ifft/u_br/buf_re[35][15]_i_1_n_0                                                                                      |                                                                                                                                                          |               25 |             32 |         1.28 |
|  ofdm_system_i/processing_system7_0/inst/FCLK_CLK0 | ofdm_system_i/ofdm_axi_lite_0/inst/u_core/u_ifft/u_br/buf_re[36][15]_i_1_n_0                                                                                      |                                                                                                                                                          |               23 |             32 |         1.39 |
|  ofdm_system_i/processing_system7_0/inst/FCLK_CLK0 | ofdm_system_i/ofdm_axi_lite_0/inst/u_core/u_ifft/u_br/buf_re[4][15]_i_1_n_0                                                                                       |                                                                                                                                                          |               13 |             32 |         2.46 |
|  ofdm_system_i/processing_system7_0/inst/FCLK_CLK0 | ofdm_system_i/ofdm_axi_lite_0/inst/u_core/u_ifft/u_br/buf_re[29][15]_i_1_n_0                                                                                      |                                                                                                                                                          |               20 |             32 |         1.60 |
|  ofdm_system_i/processing_system7_0/inst/FCLK_CLK0 | ofdm_system_i/ofdm_axi_lite_0/inst/u_core/u_ifft/u_br/buf_re[50][15]_i_1_n_0                                                                                      |                                                                                                                                                          |               21 |             32 |         1.52 |
|  ofdm_system_i/processing_system7_0/inst/FCLK_CLK0 | ofdm_system_i/ofdm_axi_lite_0/inst/u_core/u_ifft/u_br/buf_re[2][15]_i_1_n_0                                                                                       |                                                                                                                                                          |               13 |             32 |         2.46 |
|  ofdm_system_i/processing_system7_0/inst/FCLK_CLK0 | ofdm_system_i/ofdm_axi_lite_0/inst/u_core/u_ifft/u_br/buf_re[45][15]_i_1_n_0                                                                                      |                                                                                                                                                          |               24 |             32 |         1.33 |
|  ofdm_system_i/processing_system7_0/inst/FCLK_CLK0 | ofdm_system_i/ofdm_axi_lite_0/inst/u_core/u_ifft/u_br/buf_re[255][15]_i_1_n_0                                                                                     |                                                                                                                                                          |               20 |             32 |         1.60 |
|  ofdm_system_i/processing_system7_0/inst/FCLK_CLK0 | ofdm_system_i/ofdm_axi_lite_0/inst/u_core/u_ifft/u_br/buf_re[52][15]_i_1_n_0                                                                                      |                                                                                                                                                          |               19 |             32 |         1.68 |
|  ofdm_system_i/processing_system7_0/inst/FCLK_CLK0 | ofdm_system_i/ofdm_axi_lite_0/inst/u_core/u_ifft/u_br/buf_re[26][15]_i_1_n_0                                                                                      |                                                                                                                                                          |               20 |             32 |         1.60 |
|  ofdm_system_i/processing_system7_0/inst/FCLK_CLK0 | ofdm_system_i/ofdm_axi_lite_0/inst/u_core/u_ifft/u_br/buf_re[47][15]_i_1_n_0                                                                                      |                                                                                                                                                          |               28 |             32 |         1.14 |
|  ofdm_system_i/processing_system7_0/inst/FCLK_CLK0 | ofdm_system_i/ofdm_axi_lite_0/inst/u_core/u_ifft/u_br/buf_re[251][15]_i_1_n_0                                                                                     |                                                                                                                                                          |               17 |             32 |         1.88 |
|  ofdm_system_i/processing_system7_0/inst/FCLK_CLK0 | ofdm_system_i/ofdm_axi_lite_0/inst/u_core/u_ifft/u_br/buf_re[34][15]_i_1_n_0                                                                                      |                                                                                                                                                          |               24 |             32 |         1.33 |
|  ofdm_system_i/processing_system7_0/inst/FCLK_CLK0 | ofdm_system_i/ofdm_axi_lite_0/inst/u_core/u_ifft/u_br/buf_re[24][15]_i_1_n_0                                                                                      |                                                                                                                                                          |               17 |             32 |         1.88 |
|  ofdm_system_i/processing_system7_0/inst/FCLK_CLK0 | ofdm_system_i/ofdm_axi_lite_0/inst/u_core/u_ifft/u_br/buf_re[250][15]_i_1_n_0                                                                                     |                                                                                                                                                          |               18 |             32 |         1.78 |
|  ofdm_system_i/processing_system7_0/inst/FCLK_CLK0 | ofdm_system_i/ofdm_axi_lite_0/inst/u_core/u_ifft/u_br/buf_re[44][15]_i_1_n_0                                                                                      |                                                                                                                                                          |               23 |             32 |         1.39 |
|  ofdm_system_i/processing_system7_0/inst/FCLK_CLK0 | ofdm_system_i/ofdm_axi_lite_0/inst/u_core/u_ifft/u_br/buf_re[53][15]_i_1_n_0                                                                                      |                                                                                                                                                          |               20 |             32 |         1.60 |
|  ofdm_system_i/processing_system7_0/inst/FCLK_CLK0 | ofdm_system_i/ofdm_axi_lite_0/inst/u_core/u_ifft/u_br/buf_re[252][15]_i_1_n_0                                                                                     |                                                                                                                                                          |               16 |             32 |         2.00 |
|  ofdm_system_i/processing_system7_0/inst/FCLK_CLK0 | ofdm_system_i/ofdm_axi_lite_0/inst/u_core/u_ifft/u_br/buf_re[54][15]_i_1_n_0                                                                                      |                                                                                                                                                          |               20 |             32 |         1.60 |
|  ofdm_system_i/processing_system7_0/inst/FCLK_CLK0 | ofdm_system_i/ofdm_axi_lite_0/inst/u_core/u_ifft/u_br/buf_re[31][15]_i_1_n_0                                                                                      |                                                                                                                                                          |               24 |             32 |         1.33 |
|  ofdm_system_i/processing_system7_0/inst/FCLK_CLK0 | ofdm_system_i/ofdm_axi_lite_0/inst/u_core/u_ifft/u_br/buf_re[38][15]_i_1_n_0                                                                                      |                                                                                                                                                          |               24 |             32 |         1.33 |
|  ofdm_system_i/processing_system7_0/inst/FCLK_CLK0 | ofdm_system_i/ofdm_axi_lite_0/inst/u_core/u_ifft/u_br/buf_re[55][15]_i_1_n_0                                                                                      |                                                                                                                                                          |               19 |             32 |         1.68 |
|  ofdm_system_i/processing_system7_0/inst/FCLK_CLK0 | ofdm_system_i/ofdm_axi_lite_0/inst/u_core/u_ifft/u_br/buf_re[39][15]_i_1_n_0                                                                                      |                                                                                                                                                          |               24 |             32 |         1.33 |
|  ofdm_system_i/processing_system7_0/inst/FCLK_CLK0 | ofdm_system_i/ofdm_axi_lite_0/inst/u_core/u_ifft/u_br/buf_re[51][15]_i_1_n_0                                                                                      |                                                                                                                                                          |               18 |             32 |         1.78 |
|  ofdm_system_i/processing_system7_0/inst/FCLK_CLK0 | ofdm_system_i/ofdm_axi_lite_0/inst/u_core/u_ifft/u_br/buf_re[7][15]_i_1_n_0                                                                                       |                                                                                                                                                          |               10 |             32 |         3.20 |
|  ofdm_system_i/processing_system7_0/inst/FCLK_CLK0 | ofdm_system_i/ofdm_axi_lite_0/inst/u_core/u_ifft/u_br/buf_re[92][15]_i_1_n_0                                                                                      |                                                                                                                                                          |               21 |             32 |         1.52 |
|  ofdm_system_i/processing_system7_0/inst/FCLK_CLK0 | ofdm_system_i/ofdm_axi_lite_0/inst/u_core/u_ifft/u_br/buf_re[63][15]_i_1_n_0                                                                                      |                                                                                                                                                          |               24 |             32 |         1.33 |
|  ofdm_system_i/processing_system7_0/inst/FCLK_CLK0 | ofdm_system_i/ofdm_axi_lite_0/inst/u_core/u_ifft/u_br/buf_re[90][15]_i_1_n_0                                                                                      |                                                                                                                                                          |               21 |             32 |         1.52 |
|  ofdm_system_i/processing_system7_0/inst/FCLK_CLK0 | ofdm_system_i/ofdm_axi_lite_0/inst/u_core/u_ifft/u_br/buf_re[91][15]_i_1_n_0                                                                                      |                                                                                                                                                          |               21 |             32 |         1.52 |
|  ofdm_system_i/processing_system7_0/inst/FCLK_CLK0 | ofdm_system_i/ofdm_axi_lite_0/inst/u_core/u_ifft/u_br/buf_re[80][15]_i_1_n_0                                                                                      |                                                                                                                                                          |               20 |             32 |         1.60 |
|  ofdm_system_i/processing_system7_0/inst/FCLK_CLK0 | ofdm_system_i/ofdm_axi_lite_0/inst/u_core/u_ifft/u_br/buf_re[83][15]_i_1_n_0                                                                                      |                                                                                                                                                          |               21 |             32 |         1.52 |
|  ofdm_system_i/processing_system7_0/inst/FCLK_CLK0 | ofdm_system_i/ofdm_axi_lite_0/inst/u_core/u_ifft/u_br/buf_re[94][15]_i_1_n_0                                                                                      |                                                                                                                                                          |               27 |             32 |         1.19 |
|  ofdm_system_i/processing_system7_0/inst/FCLK_CLK0 | ofdm_system_i/ofdm_axi_lite_0/inst/u_core/u_ifft/u_br/buf_re[67][15]_i_1_n_0                                                                                      |                                                                                                                                                          |               24 |             32 |         1.33 |
|  ofdm_system_i/processing_system7_0/inst/FCLK_CLK0 | ofdm_system_i/ofdm_axi_lite_0/inst/u_core/u_ifft/u_br/buf_re[78][15]_i_1_n_0                                                                                      |                                                                                                                                                          |               24 |             32 |         1.33 |
|  ofdm_system_i/processing_system7_0/inst/FCLK_CLK0 | ofdm_system_i/ofdm_axi_lite_0/inst/u_core/u_ifft/u_br/buf_re[60][15]_i_1_n_0                                                                                      |                                                                                                                                                          |               20 |             32 |         1.60 |
|  ofdm_system_i/processing_system7_0/inst/FCLK_CLK0 | ofdm_system_i/ofdm_axi_lite_0/inst/u_core/u_ifft/u_br/buf_re[68][15]_i_1_n_0                                                                                      |                                                                                                                                                          |               24 |             32 |         1.33 |
|  ofdm_system_i/processing_system7_0/inst/FCLK_CLK0 | ofdm_system_i/ofdm_axi_lite_0/inst/u_core/u_ifft/u_br/buf_re[58][15]_i_1_n_0                                                                                      |                                                                                                                                                          |               18 |             32 |         1.78 |
|  ofdm_system_i/processing_system7_0/inst/FCLK_CLK0 | ofdm_system_i/ofdm_axi_lite_0/inst/u_core/u_ifft/u_br/buf_re[85][15]_i_1_n_0                                                                                      |                                                                                                                                                          |               20 |             32 |         1.60 |
|  ofdm_system_i/processing_system7_0/inst/FCLK_CLK0 | ofdm_system_i/ofdm_axi_lite_0/inst/u_core/u_ifft/u_br/buf_re[5][15]_i_1_n_0                                                                                       |                                                                                                                                                          |               12 |             32 |         2.67 |
|  ofdm_system_i/processing_system7_0/inst/FCLK_CLK0 | ofdm_system_i/ofdm_axi_lite_0/inst/u_core/u_ifft/u_br/buf_re[95][15]_i_1_n_0                                                                                      |                                                                                                                                                          |               26 |             32 |         1.23 |
|  ofdm_system_i/processing_system7_0/inst/FCLK_CLK0 | ofdm_system_i/ofdm_axi_lite_0/inst/u_core/u_ifft/u_br/buf_re[89][15]_i_1_n_0                                                                                      |                                                                                                                                                          |               22 |             32 |         1.45 |
|  ofdm_system_i/processing_system7_0/inst/FCLK_CLK0 | ofdm_system_i/ofdm_axi_lite_0/inst/u_core/u_ifft/u_br/buf_re[62][15]_i_1_n_0                                                                                      |                                                                                                                                                          |               22 |             32 |         1.45 |
|  ofdm_system_i/processing_system7_0/inst/FCLK_CLK0 | ofdm_system_i/ofdm_axi_lite_0/inst/u_core/u_ifft/u_br/buf_re[98][15]_i_1_n_0                                                                                      |                                                                                                                                                          |               23 |             32 |         1.39 |
|  ofdm_system_i/processing_system7_0/inst/FCLK_CLK0 | ofdm_system_i/ofdm_axi_lite_0/inst/u_core/u_ifft/u_br/buf_re[6][15]_i_1_n_0                                                                                       |                                                                                                                                                          |               12 |             32 |         2.67 |
|  ofdm_system_i/processing_system7_0/inst/FCLK_CLK0 | ofdm_system_i/ofdm_axi_lite_0/inst/u_core/u_ifft/u_br/buf_re[73][15]_i_1_n_0                                                                                      |                                                                                                                                                          |               24 |             32 |         1.33 |
|  ofdm_system_i/processing_system7_0/inst/FCLK_CLK0 | ofdm_system_i/ofdm_axi_lite_0/inst/u_core/u_ifft/u_br/buf_re[74][15]_i_1_n_0                                                                                      |                                                                                                                                                          |               26 |             32 |         1.23 |
|  ofdm_system_i/processing_system7_0/inst/FCLK_CLK0 | ofdm_system_i/ofdm_axi_lite_0/inst/u_core/u_ifft/u_br/buf_re[84][15]_i_1_n_0                                                                                      |                                                                                                                                                          |               19 |             32 |         1.68 |
|  ofdm_system_i/processing_system7_0/inst/FCLK_CLK0 | ofdm_system_i/ofdm_axi_lite_0/inst/u_core/u_ifft/u_br/buf_re[88][15]_i_1_n_0                                                                                      |                                                                                                                                                          |               19 |             32 |         1.68 |
|  ofdm_system_i/processing_system7_0/inst/FCLK_CLK0 | ofdm_system_i/ofdm_axi_lite_0/inst/u_core/u_ifft/u_br/buf_re[69][15]_i_1_n_0                                                                                      |                                                                                                                                                          |               27 |             32 |         1.19 |
|  ofdm_system_i/processing_system7_0/inst/FCLK_CLK0 | ofdm_system_i/ofdm_axi_lite_0/inst/u_core/u_ifft/u_br/buf_re[87][15]_i_1_n_0                                                                                      |                                                                                                                                                          |               20 |             32 |         1.60 |
|  ofdm_system_i/processing_system7_0/inst/FCLK_CLK0 | ofdm_system_i/ofdm_axi_lite_0/inst/u_core/u_ifft/u_br/buf_re[8][15]_i_1_n_0                                                                                       |                                                                                                                                                          |               19 |             32 |         1.68 |
|  ofdm_system_i/processing_system7_0/inst/FCLK_CLK0 | ofdm_system_i/ofdm_axi_lite_0/inst/u_core/u_ifft/u_br/buf_re[93][15]_i_1_n_0                                                                                      |                                                                                                                                                          |               23 |             32 |         1.39 |
|  ofdm_system_i/processing_system7_0/inst/FCLK_CLK0 | ofdm_system_i/ofdm_axi_lite_0/inst/u_core/u_ifft/u_br/buf_re[59][15]_i_1_n_0                                                                                      |                                                                                                                                                          |               21 |             32 |         1.52 |
|  ofdm_system_i/processing_system7_0/inst/FCLK_CLK0 | ofdm_system_i/ofdm_axi_lite_0/inst/u_core/u_ifft/u_br/buf_re[75][15]_i_1_n_0                                                                                      |                                                                                                                                                          |               24 |             32 |         1.33 |
|  ofdm_system_i/processing_system7_0/inst/FCLK_CLK0 | ofdm_system_i/ofdm_axi_lite_0/inst/u_core/u_ifft/u_br/buf_re[77][15]_i_1_n_0                                                                                      |                                                                                                                                                          |               22 |             32 |         1.45 |
|  ofdm_system_i/processing_system7_0/inst/FCLK_CLK0 | ofdm_system_i/ofdm_axi_lite_0/inst/u_core/u_ifft/u_br/buf_re[65][15]_i_1_n_0                                                                                      |                                                                                                                                                          |               25 |             32 |         1.28 |
|  ofdm_system_i/processing_system7_0/inst/FCLK_CLK0 | ofdm_system_i/ofdm_axi_lite_0/inst/u_core/u_ifft/u_br/buf_re[61][15]_i_1_n_0                                                                                      |                                                                                                                                                          |               22 |             32 |         1.45 |
|  ofdm_system_i/processing_system7_0/inst/FCLK_CLK0 | ofdm_system_i/ofdm_axi_lite_0/inst/u_core/u_ifft/u_br/buf_re[66][15]_i_1_n_0                                                                                      |                                                                                                                                                          |               24 |             32 |         1.33 |
|  ofdm_system_i/processing_system7_0/inst/FCLK_CLK0 | ofdm_system_i/ofdm_axi_lite_0/inst/u_core/u_ifft/u_br/buf_re[79][15]_i_1_n_0                                                                                      |                                                                                                                                                          |               28 |             32 |         1.14 |
|  ofdm_system_i/processing_system7_0/inst/FCLK_CLK0 | ofdm_system_i/ofdm_axi_lite_0/inst/u_core/u_ifft/u_br/buf_re[81][15]_i_1_n_0                                                                                      |                                                                                                                                                          |               22 |             32 |         1.45 |
|  ofdm_system_i/processing_system7_0/inst/FCLK_CLK0 | ofdm_system_i/ofdm_axi_lite_0/inst/u_core/u_ifft/u_br/buf_re[82][15]_i_1_n_0                                                                                      |                                                                                                                                                          |               24 |             32 |         1.33 |
|  ofdm_system_i/processing_system7_0/inst/FCLK_CLK0 | ofdm_system_i/ofdm_axi_lite_0/inst/u_core/u_ifft/u_br/buf_re[86][15]_i_1_n_0                                                                                      |                                                                                                                                                          |               22 |             32 |         1.45 |
|  ofdm_system_i/processing_system7_0/inst/FCLK_CLK0 | ofdm_system_i/ofdm_axi_lite_0/inst/u_core/u_ifft/u_br/buf_re[96][15]_i_1_n_0                                                                                      |                                                                                                                                                          |               17 |             32 |         1.88 |
|  ofdm_system_i/processing_system7_0/inst/FCLK_CLK0 | ofdm_system_i/ofdm_axi_lite_0/inst/u_core/u_ifft/u_br/buf_re[40][15]_i_1_n_0                                                                                      |                                                                                                                                                          |               23 |             32 |         1.39 |
|  ofdm_system_i/processing_system7_0/inst/FCLK_CLK0 | ofdm_system_i/ofdm_axi_lite_0/inst/u_core/u_ifft/u_br/buf_re[99][15]_i_1_n_0                                                                                      |                                                                                                                                                          |               23 |             32 |         1.39 |
|  ofdm_system_i/processing_system7_0/inst/FCLK_CLK0 | ofdm_system_i/ofdm_axi_lite_0/inst/u_core/u_ifft/u_br/buf_re[71][15]_i_1_n_0                                                                                      |                                                                                                                                                          |               24 |             32 |         1.33 |
|  ofdm_system_i/processing_system7_0/inst/FCLK_CLK0 | ofdm_system_i/ofdm_axi_lite_0/inst/u_core/u_ifft/u_br/buf_re[72][15]_i_1_n_0                                                                                      |                                                                                                                                                          |               24 |             32 |         1.33 |
|  ofdm_system_i/processing_system7_0/inst/FCLK_CLK0 | ofdm_system_i/ofdm_axi_lite_0/inst/u_core/u_ifft/u_br/buf_re[9][15]_i_1_n_0                                                                                       |                                                                                                                                                          |               22 |             32 |         1.45 |
|  ofdm_system_i/processing_system7_0/inst/FCLK_CLK0 | ofdm_system_i/ofdm_axi_lite_0/inst/u_core/u_ifft/u_br/buf_re[70][15]_i_1_n_0                                                                                      |                                                                                                                                                          |               24 |             32 |         1.33 |
|  ofdm_system_i/processing_system7_0/inst/FCLK_CLK0 | ofdm_system_i/ofdm_axi_lite_0/inst/u_core/u_ifft/u_br/buf_re[64][15]_i_1_n_0                                                                                      |                                                                                                                                                          |               25 |             32 |         1.28 |
|  ofdm_system_i/processing_system7_0/inst/FCLK_CLK0 | ofdm_system_i/ofdm_axi_lite_0/inst/u_core/u_ifft/u_br/buf_re[76][15]_i_1_n_0                                                                                      |                                                                                                                                                          |               27 |             32 |         1.19 |
|  ofdm_system_i/processing_system7_0/inst/FCLK_CLK0 | ofdm_system_i/ofdm_axi_lite_0/inst/u_core/u_s2p/parallel_data[767]_i_1_n_0                                                                                        |                                                                                                                                                          |               13 |             32 |         2.46 |
|  ofdm_system_i/processing_system7_0/inst/FCLK_CLK0 | ofdm_system_i/ofdm_axi_lite_0/inst/u_core/u_s2p/parallel_data[1215]_i_1_n_0                                                                                       |                                                                                                                                                          |               30 |             32 |         1.07 |
|  ofdm_system_i/processing_system7_0/inst/FCLK_CLK0 | ofdm_system_i/ofdm_axi_lite_0/inst/u_core/u_s2p/parallel_data[1567]_i_1_n_0                                                                                       |                                                                                                                                                          |               29 |             32 |         1.10 |
|  ofdm_system_i/processing_system7_0/inst/FCLK_CLK0 | ofdm_system_i/ofdm_axi_lite_0/inst/u_core/u_s2p/parallel_data[1791]_i_1_n_0                                                                                       |                                                                                                                                                          |               16 |             32 |         2.00 |
|  ofdm_system_i/processing_system7_0/inst/FCLK_CLK0 | ofdm_system_i/ps7_0_axi_periph/s00_couplers/auto_pc/inst/gen_axilite.gen_b2s_conv.axilite_b2s/WR.aw_channel_0/aw_cmd_fsm_0/E[0]                                   |                                                                                                                                                          |                6 |             32 |         5.33 |
|  ofdm_system_i/processing_system7_0/inst/FCLK_CLK0 | ofdm_system_i/ofdm_axi_lite_0/inst/u_core/u_s2p/parallel_data[1439]_i_1_n_0                                                                                       |                                                                                                                                                          |               28 |             32 |         1.14 |
|  ofdm_system_i/processing_system7_0/inst/FCLK_CLK0 | ofdm_system_i/ofdm_axi_lite_0/inst/u_core/u_s2p/parallel_data[1375]_i_1_n_0                                                                                       |                                                                                                                                                          |               29 |             32 |         1.10 |
|  ofdm_system_i/processing_system7_0/inst/FCLK_CLK0 | ofdm_system_i/ofdm_axi_lite_0/inst/u_core/u_s2p/parallel_data[1311]_i_1_n_0                                                                                       |                                                                                                                                                          |               28 |             32 |         1.14 |
|  ofdm_system_i/processing_system7_0/inst/FCLK_CLK0 | ofdm_system_i/ps7_0_axi_periph/s00_couplers/auto_pc/inst/gen_axilite.gen_b2s_conv.axilite_b2s/SI_REG/ar.ar_pipe/s_ready_i_reg_0                                   |                                                                                                                                                          |                6 |             32 |         5.33 |
|  ofdm_system_i/processing_system7_0/inst/FCLK_CLK0 | ofdm_system_i/ps7_0_axi_periph/s00_couplers/auto_pc/inst/gen_axilite.gen_b2s_conv.axilite_b2s/SI_REG/aw.aw_pipe/s_ready_i_reg_0                                   |                                                                                                                                                          |                9 |             32 |         3.56 |
|  ofdm_system_i/processing_system7_0/inst/FCLK_CLK0 | ofdm_system_i/ofdm_axi_lite_0/inst/u_core/u_s2p/parallel_data[1599]_i_1_n_0                                                                                       |                                                                                                                                                          |               29 |             32 |         1.10 |
|  ofdm_system_i/processing_system7_0/inst/FCLK_CLK0 | ofdm_system_i/ofdm_axi_lite_0/inst/u_core/u_s2p/parallel_data[1183]_i_1_n_0                                                                                       |                                                                                                                                                          |               29 |             32 |         1.10 |
|  ofdm_system_i/processing_system7_0/inst/FCLK_CLK0 | ofdm_system_i/ofdm_axi_lite_0/inst/u_core/u_s2p/parallel_data[1247]_i_1_n_0                                                                                       |                                                                                                                                                          |               27 |             32 |         1.19 |
|  ofdm_system_i/processing_system7_0/inst/FCLK_CLK0 | ofdm_system_i/ofdm_axi_lite_0/inst/u_core/u_s2p/parallel_data[1119]_i_1_n_0                                                                                       |                                                                                                                                                          |               29 |             32 |         1.10 |
|  ofdm_system_i/processing_system7_0/inst/FCLK_CLK0 | ofdm_system_i/ofdm_axi_lite_0/inst/u_core/u_s2p/parallel_data[1695]_i_1_n_0                                                                                       |                                                                                                                                                          |               27 |             32 |         1.19 |
|  ofdm_system_i/processing_system7_0/inst/FCLK_CLK0 | ofdm_system_i/ofdm_axi_lite_0/inst/u_core/u_s2p/parallel_data[1823]_i_1_n_0                                                                                       |                                                                                                                                                          |               26 |             32 |         1.23 |
|  ofdm_system_i/processing_system7_0/inst/FCLK_CLK0 | ofdm_system_i/ofdm_axi_lite_0/inst/u_core/u_s2p/parallel_data[1151]_i_1_n_0                                                                                       |                                                                                                                                                          |               16 |             32 |         2.00 |
|  ofdm_system_i/processing_system7_0/inst/FCLK_CLK0 | ofdm_system_i/ps7_0_axi_periph/s00_couplers/auto_pc/inst/gen_axilite.gen_b2s_conv.axilite_b2s/RD.ar_channel_0/ar_cmd_fsm_0/m_valid_i_reg[0]                       |                                                                                                                                                          |                6 |             32 |         5.33 |
|  ofdm_system_i/processing_system7_0/inst/FCLK_CLK0 | ofdm_system_i/ofdm_axi_lite_0/inst/qpsk_bits[63]_i_1_n_0                                                                                                          | ofdm_system_i/ofdm_axi_lite_0/inst/p_0_in                                                                                                                |               14 |             32 |         2.29 |
|  ofdm_system_i/processing_system7_0/inst/FCLK_CLK0 | ofdm_system_i/ofdm_axi_lite_0/inst/qpsk_bits[127]_i_1_n_0                                                                                                         | ofdm_system_i/ofdm_axi_lite_0/inst/p_0_in                                                                                                                |               12 |             32 |         2.67 |
|  ofdm_system_i/processing_system7_0/inst/FCLK_CLK0 | ofdm_system_i/ofdm_axi_lite_0/inst/qpsk_bits[31]_i_1_n_0                                                                                                          | ofdm_system_i/ofdm_axi_lite_0/inst/p_0_in                                                                                                                |               12 |             32 |         2.67 |
|  ofdm_system_i/processing_system7_0/inst/FCLK_CLK0 | ofdm_system_i/ofdm_axi_lite_0/inst/qpsk_bits[95]_i_1_n_0                                                                                                          | ofdm_system_i/ofdm_axi_lite_0/inst/p_0_in                                                                                                                |                9 |             32 |         3.56 |
|  ofdm_system_i/processing_system7_0/inst/FCLK_CLK0 | ofdm_system_i/ofdm_axi_lite_0/inst/s_axi_rdata[31]_i_1_n_0                                                                                                        | ofdm_system_i/ofdm_axi_lite_0/inst/p_0_in                                                                                                                |               19 |             32 |         1.68 |
|  ofdm_system_i/processing_system7_0/inst/FCLK_CLK0 | ofdm_system_i/ofdm_axi_lite_0/inst/u_core/u_s2p/parallel_data[127]_i_1_n_0                                                                                        |                                                                                                                                                          |               13 |             32 |         2.46 |
|  ofdm_system_i/processing_system7_0/inst/FCLK_CLK0 | ofdm_system_i/ps7_0_axi_periph/s00_couplers/auto_pc/inst/gen_axilite.gen_b2s_conv.axilite_b2s/RD.r_channel_0/rd_data_fifo_0/wr_en0                                |                                                                                                                                                          |                8 |             32 |         4.00 |
|  ofdm_system_i/processing_system7_0/inst/FCLK_CLK0 | ofdm_system_i/ofdm_axi_lite_0/inst/u_core/u_s2p/parallel_data[1343]_i_1_n_0                                                                                       |                                                                                                                                                          |               29 |             32 |         1.10 |
|  ofdm_system_i/processing_system7_0/inst/FCLK_CLK0 | ofdm_system_i/ofdm_axi_lite_0/inst/u_core/u_ifft/u_br/buf_re[97][15]_i_1_n_0                                                                                      |                                                                                                                                                          |               17 |             32 |         1.88 |
|  ofdm_system_i/processing_system7_0/inst/FCLK_CLK0 | ofdm_system_i/ofdm_axi_lite_0/inst/u_core/u_p2s/do_re[15]_i_1_n_0                                                                                                 | ofdm_system_i/ofdm_axi_lite_0/inst/core_rst                                                                                                              |               13 |             43 |         3.31 |
|  ofdm_system_i/processing_system7_0/inst/FCLK_CLK0 | ofdm_system_i/ps7_0_axi_periph/s00_couplers/auto_pc/inst/gen_axilite.gen_b2s_conv.axilite_b2s/SI_REG/r.r_pipe/p_1_in                                              |                                                                                                                                                          |                9 |             45 |         5.00 |
|  ofdm_system_i/processing_system7_0/inst/FCLK_CLK0 | ofdm_system_i/ps7_0_axi_periph/s00_couplers/auto_pc/inst/gen_axilite.gen_b2s_conv.axilite_b2s/SI_REG/r.r_pipe/s_ready_i_reg_0                                     |                                                                                                                                                          |               10 |             45 |         4.50 |
|  ofdm_system_i/processing_system7_0/inst/FCLK_CLK0 | ofdm_system_i/ofdm_axi_lite_0/inst/u_core/u_ifft/u_br/do_en_reg_reg_0                                                                                             | ofdm_system_i/ofdm_axi_lite_0/inst/core_rst                                                                                                              |               32 |             87 |         2.72 |
|  ofdm_system_i/processing_system7_0/inst/FCLK_CLK0 | ofdm_system_i/ofdm_axi_lite_0/inst/u_core/ofdm_frame0_out[1023]                                                                                                   |                                                                                                                                                          |              174 |            512 |         2.94 |
|  ofdm_system_i/processing_system7_0/inst/FCLK_CLK0 | ofdm_system_i/ofdm_axi_lite_0/inst/u_core/ofdm_frame0_out[1535]                                                                                                   |                                                                                                                                                          |              179 |            512 |         2.86 |
|  ofdm_system_i/processing_system7_0/inst/FCLK_CLK0 | ofdm_system_i/ofdm_axi_lite_0/inst/u_core/ofdm_frame0_out[511]                                                                                                    |                                                                                                                                                          |              170 |            512 |         3.01 |
|  ofdm_system_i/processing_system7_0/inst/FCLK_CLK0 | ofdm_system_i/ofdm_axi_lite_0/inst/u_core/ofdm_frame0_out[2047]                                                                                                   |                                                                                                                                                          |              180 |            512 |         2.84 |
|  ofdm_system_i/processing_system7_0/inst/FCLK_CLK0 | ofdm_system_i/ofdm_axi_lite_0/inst/u_core/ofdm_frame0_out[6655]                                                                                                   |                                                                                                                                                          |              135 |            512 |         3.79 |
|  ofdm_system_i/processing_system7_0/inst/FCLK_CLK0 | ofdm_system_i/ofdm_axi_lite_0/inst/u_core/ofdm_frame0_out[2559]                                                                                                   |                                                                                                                                                          |              203 |            512 |         2.52 |
|  ofdm_system_i/processing_system7_0/inst/FCLK_CLK0 |                                                                                                                                                                   | ofdm_system_i/ofdm_axi_lite_0/inst/core_rst                                                                                                              |              686 |           2446 |         3.57 |
|  ofdm_system_i/processing_system7_0/inst/FCLK_CLK0 |                                                                                                                                                                   |                                                                                                                                                          |             3409 |           8087 |         2.37 |
+----------------------------------------------------+-------------------------------------------------------------------------------------------------------------------------------------------------------------------+----------------------------------------------------------------------------------------------------------------------------------------------------------+------------------+----------------+--------------+


