Copyright 1986-2022 Xilinx, Inc. All Rights Reserved. Copyright 2022-2025 Advanced Micro Devices, Inc. All Rights Reserved.
--------------------------------------------------------------------------------------------------------------------------------------------------------------------------------------------------------------------------------------------------
| Tool Version : Vivado v.2025.1 (win64) Build 6140274 Thu May 22 00:12:29 MDT 2025
| Date         : Fri Oct  2 21:58:32 2026
| Host         : Adityaa-Windows running 64-bit major release  (build 9200)
| Command      : report_timing_summary -max_paths 10 -routable_nets -report_unconstrained -file ofdm_system_wrapper_timing_summary_routed.rpt -pb ofdm_system_wrapper_timing_summary_routed.pb -rpx ofdm_system_wrapper_timing_summary_routed.rpx
| Design       : ofdm_system_wrapper
| Device       : 7z020-clg484
| Speed File   : -1  PRODUCTION 1.12 2019-11-22
| Design State : Routed
--------------------------------------------------------------------------------------------------------------------------------------------------------------------------------------------------------------------------------------------------

Timing Summary Report

------------------------------------------------------------------------------------------------
| Timer Settings
| --------------
------------------------------------------------------------------------------------------------

  Enable Multi Corner Analysis               :  Yes
  Enable Pessimism Removal                   :  Yes
  Pessimism Removal Resolution               :  Nearest Common Node
  Enable Input Delay Default Clock           :  No
  Enable Preset / Clear Arcs                 :  No
  Disable Flight Delays                      :  No
  Ignore I/O Paths                           :  No
  Timing Early Launch at Borrowing Latches   :  No
  Borrow Time for Max Delay Exceptions       :  Yes
  Merge Timing Exceptions                    :  Yes
  Inter-SLR Compensation                     :  Conservative

  Corner  Analyze    Analyze    
  Name    Max Paths  Min Paths  
  ------  ---------  ---------  
  Slow    Yes        Yes        
  Fast    Yes        Yes        


------------------------------------------------------------------------------------------------
| Report Methodology
| ------------------
------------------------------------------------------------------------------------------------

No report available as report_methodology has not been run prior. Run report_methodology on the current design for the summary of methodology violations.



check_timing report

Table of Contents
-----------------
1. checking no_clock (0)
2. checking constant_clock (0)
3. checking pulse_width_clock (0)
4. checking unconstrained_internal_endpoints (0)
5. checking no_input_delay (0)
6. checking no_output_delay (0)
7. checking multiple_clock (0)
8. checking generated_clocks (0)
9. checking loops (0)
10. checking partial_input_delay (0)
11. checking partial_output_delay (0)
12. checking latch_loops (0)

1. checking no_clock (0)
------------------------
 There are 0 register/latch pins with no clock.


2. checking constant_clock (0)
------------------------------
 There are 0 register/latch pins with constant_clock.


3. checking pulse_width_clock (0)
---------------------------------
 There are 0 register/latch pins which need pulse_width check


4. checking unconstrained_internal_endpoints (0)
------------------------------------------------
 There are 0 pins that are not constrained for maximum delay.

 There are 0 pins that are not constrained for maximum delay due to constant clock.


5. checking no_input_delay (0)
------------------------------
 There are 0 input ports with no input delay specified.

 There are 0 input ports with no input delay but user has a false path constraint.


6. checking no_output_delay (0)
-------------------------------
 There are 0 ports with no output delay specified.

 There are 0 ports with no output delay but user has a false path constraint

 There are 0 ports with no output delay but with a timing clock defined on it or propagating through it


7. checking multiple_clock (0)
------------------------------
 There are 0 register/latch pins with multiple clocks.


8. checking generated_clocks (0)
--------------------------------
 There are 0 generated clocks that are not connected to a clock source.


9. checking loops (0)
---------------------
 There are 0 combinational loops in the design.


10. checking partial_input_delay (0)
------------------------------------
 There are 0 input ports with partial input delay specified.


11. checking partial_output_delay (0)
-------------------------------------
 There are 0 ports with partial output delay specified.


12. checking latch_loops (0)
----------------------------
 There are 0 combinational latch loops in the design through latch input



------------------------------------------------------------------------------------------------
| Design Timing Summary
| ---------------------
------------------------------------------------------------------------------------------------

    WNS(ns)      TNS(ns)  TNS Failing Endpoints  TNS Total Endpoints      WHS(ns)      THS(ns)  THS Failing Endpoints  THS Total Endpoints     WPWS(ns)     TPWS(ns)  TPWS Failing Endpoints  TPWS Total Endpoints  
    -------      -------  ---------------------  -------------------      -------      -------  ---------------------  -------------------     --------     --------  ----------------------  --------------------  
      3.598        0.000                      0                41877        0.030        0.000                      0                41877        9.020        0.000                       0                 24601  


All user specified timing constraints are met.


------------------------------------------------------------------------------------------------
| Clock Summary
| -------------
------------------------------------------------------------------------------------------------

Clock       Waveform(ns)       Period(ns)      Frequency(MHz)
-----       ------------       ----------      --------------
clk_fpga_0  {0.000 10.000}     20.000          50.000          


------------------------------------------------------------------------------------------------
| Intra Clock Table
| -----------------
------------------------------------------------------------------------------------------------

Clock             WNS(ns)      TNS(ns)  TNS Failing Endpoints  TNS Total Endpoints      WHS(ns)      THS(ns)  THS Failing Endpoints  THS Total Endpoints     WPWS(ns)     TPWS(ns)  TPWS Failing Endpoints  TPWS Total Endpoints  
-----             -------      -------  ---------------------  -------------------      -------      -------  ---------------------  -------------------     --------     --------  ----------------------  --------------------  
clk_fpga_0          3.598        0.000                      0                39295        0.030        0.000                      0                39295        9.020        0.000                       0                 24601  


------------------------------------------------------------------------------------------------
| Inter Clock Table
| -----------------
------------------------------------------------------------------------------------------------

From Clock    To Clock          WNS(ns)      TNS(ns)  TNS Failing Endpoints  TNS Total Endpoints      WHS(ns)      THS(ns)  THS Failing Endpoints  THS Total Endpoints  
----------    --------          -------      -------  ---------------------  -------------------      -------      -------  ---------------------  -------------------  


------------------------------------------------------------------------------------------------
| Other Path Groups Table
| -----------------------
------------------------------------------------------------------------------------------------

Path Group         From Clock         To Clock               WNS(ns)      TNS(ns)  TNS Failing Endpoints  TNS Total Endpoints      WHS(ns)      THS(ns)  THS Failing Endpoints  THS Total Endpoints  
----------         ----------         --------               -------      -------  ---------------------  -------------------      -------      -------  ---------------------  -------------------  
**async_default**  clk_fpga_0         clk_fpga_0              12.295        0.000                      0                 2582        0.469        0.000                      0                 2582  


------------------------------------------------------------------------------------------------
| User Ignored Path Table
| -----------------------
------------------------------------------------------------------------------------------------

Path Group    From Clock    To Clock    
----------    ----------    --------    
(none)                      clk_fpga_0    


------------------------------------------------------------------------------------------------
| Unconstrained Path Table
| ------------------------
------------------------------------------------------------------------------------------------

Path Group    From Clock    To Clock    
----------    ----------    --------    


------------------------------------------------------------------------------------------------
| Timing Details
| --------------
------------------------------------------------------------------------------------------------


---------------------------------------------------------------------------------------------------
From Clock:  clk_fpga_0
  To Clock:  clk_fpga_0

Setup :            0  Failing Endpoints,  Worst Slack        3.598ns,  Total Violation        0.000ns
Hold  :            0  Failing Endpoints,  Worst Slack        0.030ns,  Total Violation        0.000ns
PW    :            0  Failing Endpoints,  Worst Slack        9.020ns,  Total Violation        0.000ns
---------------------------------------------------------------------------------------------------


Max Delay Paths
--------------------------------------------------------------------------------------
Slack (MET) :             3.598ns  (required time - arrival time)
  Source:                 ofdm_system_i/ofdm_axi_lite_0/inst/u_core/sym_idx_reg[2]/C
                            (rising edge-triggered cell FDCE clocked by clk_fpga_0  {rise@0.000ns fall@10.000ns period=20.000ns})
  Destination:            ofdm_system_i/ofdm_axi_lite_0/inst/u_core/ofdm_frame_reg[7118]/D
                            (rising edge-triggered cell FDRE clocked by clk_fpga_0  {rise@0.000ns fall@10.000ns period=20.000ns})
  Path Group:             clk_fpga_0
  Path Type:              Setup (Max at Slow Process Corner)
  Requirement:            20.000ns  (clk_fpga_0 rise@20.000ns - clk_fpga_0 rise@0.000ns)
  Data Path Delay:        16.114ns  (logic 0.965ns (5.988%)  route 15.149ns (94.012%))
  Logic Levels:           2  (LUT4=1 LUT6=1)
  Clock Path Skew:        -0.064ns (DCD - SCD + CPR)
    Destination Clock Delay (DCD):    2.784ns = ( 22.784 - 20.000 ) 
    Source Clock Delay      (SCD):    2.977ns
    Clock Pessimism Removal (CPR):    0.129ns
  Clock Uncertainty:      0.302ns  ((TSJ^2 + TIJ^2)^1/2 + DJ) / 2 + PE
    Total System Jitter     (TSJ):    0.071ns
    Total Input Jitter      (TIJ):    0.600ns
    Discrete Jitter          (DJ):    0.000ns
    Phase Error              (PE):    0.000ns

    Location             Delay type                Incr(ns)  Path(ns)    Netlist Resource(s)
  -------------------------------------------------------------------    -------------------
                         (clock clk_fpga_0 rise edge)
                                                      0.000     0.000 r  
    PS7_X0Y0             PS7                          0.000     0.000 r  ofdm_system_i/processing_system7_0/inst/PS7_i/FCLKCLK[0]
                         net (fo=1, routed)           1.193     1.193    ofdm_system_i/processing_system7_0/inst/FCLK_CLK_unbuffered[0]
    BUFGCTRL_X0Y16       BUFG (Prop_bufg_I_O)         0.101     1.294 r  ofdm_system_i/processing_system7_0/inst/buffer_fclk_clk_0.FCLK_CLK_0_BUFG/O
                         net (fo=24609, routed)       1.683     2.977    ofdm_system_i/ofdm_axi_lite_0/inst/u_core/s_axi_aclk
    SLICE_X26Y80         FDCE                                         r  ofdm_system_i/ofdm_axi_lite_0/inst/u_core/sym_idx_reg[2]/C
  -------------------------------------------------------------------    -------------------
    SLICE_X26Y80         FDCE (Prop_fdce_C_Q)         0.518     3.495 f  ofdm_system_i/ofdm_axi_lite_0/inst/u_core/sym_idx_reg[2]/Q
                         net (fo=15194, routed)      13.973    17.468    ofdm_system_i/ofdm_axi_lite_0/inst/u_core/u_add_cp/ofdm_frame_reg[512]
    SLICE_X88Y57         LUT4 (Prop_lut4_I0_O)        0.120    17.588 r  ofdm_system_i/ofdm_axi_lite_0/inst/u_core/u_add_cp/ofdm_frame[7118]_i_2/O
                         net (fo=1, routed)           1.176    18.764    ofdm_system_i/ofdm_axi_lite_0/inst/u_core/u_add_cp/ofdm_frame[7118]_i_2_n_0
    SLICE_X90Y56         LUT6 (Prop_lut6_I0_O)        0.327    19.091 r  ofdm_system_i/ofdm_axi_lite_0/inst/u_core/u_add_cp/ofdm_frame[7118]_i_1/O
                         net (fo=1, routed)           0.000    19.091    ofdm_system_i/ofdm_axi_lite_0/inst/u_core/u_add_cp_n_6193
    SLICE_X90Y56         FDRE                                         r  ofdm_system_i/ofdm_axi_lite_0/inst/u_core/ofdm_frame_reg[7118]/D
  -------------------------------------------------------------------    -------------------

                         (clock clk_fpga_0 rise edge)
                                                     20.000    20.000 r  
    PS7_X0Y0             PS7                          0.000    20.000 r  ofdm_system_i/processing_system7_0/inst/PS7_i/FCLKCLK[0]
                         net (fo=1, routed)           1.088    21.088    ofdm_system_i/processing_system7_0/inst/FCLK_CLK_unbuffered[0]
    BUFGCTRL_X0Y16       BUFG (Prop_bufg_I_O)         0.091    21.179 r  ofdm_system_i/processing_system7_0/inst/buffer_fclk_clk_0.FCLK_CLK_0_BUFG/O
                         net (fo=24609, routed)       1.605    22.784    ofdm_system_i/ofdm_axi_lite_0/inst/u_core/s_axi_aclk
    SLICE_X90Y56         FDRE                                         r  ofdm_system_i/ofdm_axi_lite_0/inst/u_core/ofdm_frame_reg[7118]/C
                         clock pessimism              0.129    22.913    
                         clock uncertainty           -0.302    22.611    
    SLICE_X90Y56         FDRE (Setup_fdre_C_D)        0.079    22.690    ofdm_system_i/ofdm_axi_lite_0/inst/u_core/ofdm_frame_reg[7118]
  -------------------------------------------------------------------
                         required time                         22.690    
                         arrival time                         -19.091    
  -------------------------------------------------------------------
                         slack                                  3.598    

Slack (MET) :             3.663ns  (required time - arrival time)
  Source:                 ofdm_system_i/ofdm_axi_lite_0/inst/u_core/sym_idx_reg[2]/C
                            (rising edge-triggered cell FDCE clocked by clk_fpga_0  {rise@0.000ns fall@10.000ns period=20.000ns})
  Destination:            ofdm_system_i/ofdm_axi_lite_0/inst/u_core/ofdm_frame_reg[4558]/D
                            (rising edge-triggered cell FDRE clocked by clk_fpga_0  {rise@0.000ns fall@10.000ns period=20.000ns})
  Path Group:             clk_fpga_0
  Path Type:              Setup (Max at Slow Process Corner)
  Requirement:            20.000ns  (clk_fpga_0 rise@20.000ns - clk_fpga_0 rise@0.000ns)
  Data Path Delay:        15.941ns  (logic 0.999ns (6.267%)  route 14.942ns (93.733%))
  Logic Levels:           2  (LUT4=1 LUT6=1)
  Clock Path Skew:        -0.125ns (DCD - SCD + CPR)
    Destination Clock Delay (DCD):    2.723ns = ( 22.723 - 20.000 ) 
    Source Clock Delay      (SCD):    2.977ns
    Clock Pessimism Removal (CPR):    0.129ns
  Clock Uncertainty:      0.302ns  ((TSJ^2 + TIJ^2)^1/2 + DJ) / 2 + PE
    Total System Jitter     (TSJ):    0.071ns
    Total Input Jitter      (TIJ):    0.600ns
    Discrete Jitter          (DJ):    0.000ns
    Phase Error              (PE):    0.000ns

    Location             Delay type                Incr(ns)  Path(ns)    Netlist Resource(s)
  -------------------------------------------------------------------    -------------------
                         (clock clk_fpga_0 rise edge)
                                                      0.000     0.000 r  
    PS7_X0Y0             PS7                          0.000     0.000 r  ofdm_system_i/processing_system7_0/inst/PS7_i/FCLKCLK[0]
                         net (fo=1, routed)           1.193     1.193    ofdm_system_i/processing_system7_0/inst/FCLK_CLK_unbuffered[0]
    BUFGCTRL_X0Y16       BUFG (Prop_bufg_I_O)         0.101     1.294 r  ofdm_system_i/processing_system7_0/inst/buffer_fclk_clk_0.FCLK_CLK_0_BUFG/O
                         net (fo=24609, routed)       1.683     2.977    ofdm_system_i/ofdm_axi_lite_0/inst/u_core/s_axi_aclk
    SLICE_X26Y80         FDCE                                         r  ofdm_system_i/ofdm_axi_lite_0/inst/u_core/sym_idx_reg[2]/C
  -------------------------------------------------------------------    -------------------
    SLICE_X26Y80         FDCE (Prop_fdce_C_Q)         0.518     3.495 f  ofdm_system_i/ofdm_axi_lite_0/inst/u_core/sym_idx_reg[2]/Q
                         net (fo=15194, routed)      14.493    17.988    ofdm_system_i/ofdm_axi_lite_0/inst/u_core/u_add_cp/ofdm_frame_reg[512]
    SLICE_X87Y59         LUT4 (Prop_lut4_I0_O)        0.154    18.142 r  ofdm_system_i/ofdm_axi_lite_0/inst/u_core/u_add_cp/ofdm_frame[4558]_i_2/O
                         net (fo=1, routed)           0.449    18.591    ofdm_system_i/ofdm_axi_lite_0/inst/u_core/u_add_cp/ofdm_frame[4558]_i_2_n_0
    SLICE_X84Y59         LUT6 (Prop_lut6_I0_O)        0.327    18.918 r  ofdm_system_i/ofdm_axi_lite_0/inst/u_core/u_add_cp/ofdm_frame[4558]_i_1/O
                         net (fo=1, routed)           0.000    18.918    ofdm_system_i/ofdm_axi_lite_0/inst/u_core/u_add_cp_n_8241
    SLICE_X84Y59         FDRE                                         r  ofdm_system_i/ofdm_axi_lite_0/inst/u_core/ofdm_frame_reg[4558]/D
  -------------------------------------------------------------------    -------------------

                         (clock clk_fpga_0 rise edge)
                                                     20.000    20.000 r  
    PS7_X0Y0             PS7                          0.000    20.000 r  ofdm_system_i/processing_system7_0/inst/PS7_i/FCLKCLK[0]
                         net (fo=1, routed)           1.088    21.088    ofdm_system_i/processing_system7_0/inst/FCLK_CLK_unbuffered[0]
    BUFGCTRL_X0Y16       BUFG (Prop_bufg_I_O)         0.091    21.179 r  ofdm_system_i/processing_system7_0/inst/buffer_fclk_clk_0.FCLK_CLK_0_BUFG/O
                         net (fo=24609, routed)       1.544    22.723    ofdm_system_i/ofdm_axi_lite_0/inst/u_core/s_axi_aclk
    SLICE_X84Y59         FDRE                                         r  ofdm_system_i/ofdm_axi_lite_0/inst/u_core/ofdm_frame_reg[4558]/C
                         clock pessimism              0.129    22.852    
                         clock uncertainty           -0.302    22.550    
    SLICE_X84Y59         FDRE (Setup_fdre_C_D)        0.031    22.581    ofdm_system_i/ofdm_axi_lite_0/inst/u_core/ofdm_frame_reg[4558]
  -------------------------------------------------------------------
                         required time                         22.581    
                         arrival time                         -18.918    
  -------------------------------------------------------------------
                         slack                                  3.663    

Slack (MET) :             3.727ns  (required time - arrival time)
  Source:                 ofdm_system_i/ofdm_axi_lite_0/inst/u_core/sym_idx_reg[2]/C
                            (rising edge-triggered cell FDCE clocked by clk_fpga_0  {rise@0.000ns fall@10.000ns period=20.000ns})
  Destination:            ofdm_system_i/ofdm_axi_lite_0/inst/u_core/ofdm_frame_reg[6766]/D
                            (rising edge-triggered cell FDRE clocked by clk_fpga_0  {rise@0.000ns fall@10.000ns period=20.000ns})
  Path Group:             clk_fpga_0
  Path Type:              Setup (Max at Slow Process Corner)
  Requirement:            20.000ns  (clk_fpga_0 rise@20.000ns - clk_fpga_0 rise@0.000ns)
  Data Path Delay:        15.937ns  (logic 0.962ns (6.036%)  route 14.975ns (93.964%))
  Logic Levels:           2  (LUT4=1 LUT6=1)
  Clock Path Skew:        -0.065ns (DCD - SCD + CPR)
    Destination Clock Delay (DCD):    2.783ns = ( 22.783 - 20.000 ) 
    Source Clock Delay      (SCD):    2.977ns
    Clock Pessimism Removal (CPR):    0.129ns
  Clock Uncertainty:      0.302ns  ((TSJ^2 + TIJ^2)^1/2 + DJ) / 2 + PE
    Total System Jitter     (TSJ):    0.071ns
    Total Input Jitter      (TIJ):    0.600ns
    Discrete Jitter          (DJ):    0.000ns
    Phase Error              (PE):    0.000ns

    Location             Delay type                Incr(ns)  Path(ns)    Netlist Resource(s)
  -------------------------------------------------------------------    -------------------
                         (clock clk_fpga_0 rise edge)
                                                      0.000     0.000 r  
    PS7_X0Y0             PS7                          0.000     0.000 r  ofdm_system_i/processing_system7_0/inst/PS7_i/FCLKCLK[0]
                         net (fo=1, routed)           1.193     1.193    ofdm_system_i/processing_system7_0/inst/FCLK_CLK_unbuffered[0]
    BUFGCTRL_X0Y16       BUFG (Prop_bufg_I_O)         0.101     1.294 r  ofdm_system_i/processing_system7_0/inst/buffer_fclk_clk_0.FCLK_CLK_0_BUFG/O
                         net (fo=24609, routed)       1.683     2.977    ofdm_system_i/ofdm_axi_lite_0/inst/u_core/s_axi_aclk
    SLICE_X26Y80         FDCE                                         r  ofdm_system_i/ofdm_axi_lite_0/inst/u_core/sym_idx_reg[2]/C
  -------------------------------------------------------------------    -------------------
    SLICE_X26Y80         FDCE (Prop_fdce_C_Q)         0.518     3.495 f  ofdm_system_i/ofdm_axi_lite_0/inst/u_core/sym_idx_reg[2]/Q
                         net (fo=15194, routed)      14.201    17.696    ofdm_system_i/ofdm_axi_lite_0/inst/u_core/u_add_cp/ofdm_frame_reg[512]
    SLICE_X90Y58         LUT4 (Prop_lut4_I0_O)        0.116    17.812 r  ofdm_system_i/ofdm_axi_lite_0/inst/u_core/u_add_cp/ofdm_frame[6766]_i_2/O
                         net (fo=1, routed)           0.774    18.586    ofdm_system_i/ofdm_axi_lite_0/inst/u_core/u_add_cp/ofdm_frame[6766]_i_2_n_0
    SLICE_X91Y58         LUT6 (Prop_lut6_I0_O)        0.328    18.914 r  ofdm_system_i/ofdm_axi_lite_0/inst/u_core/u_add_cp/ofdm_frame[6766]_i_1/O
                         net (fo=1, routed)           0.000    18.914    ofdm_system_i/ofdm_axi_lite_0/inst/u_core/u_add_cp_n_6545
    SLICE_X91Y58         FDRE                                         r  ofdm_system_i/ofdm_axi_lite_0/inst/u_core/ofdm_frame_reg[6766]/D
  -------------------------------------------------------------------    -------------------

                         (clock clk_fpga_0 rise edge)
                                                     20.000    20.000 r  
    PS7_X0Y0             PS7                          0.000    20.000 r  ofdm_system_i/processing_system7_0/inst/PS7_i/FCLKCLK[0]
                         net (fo=1, routed)           1.088    21.088    ofdm_system_i/processing_system7_0/inst/FCLK_CLK_unbuffered[0]
    BUFGCTRL_X0Y16       BUFG (Prop_bufg_I_O)         0.091    21.179 r  ofdm_system_i/processing_system7_0/inst/buffer_fclk_clk_0.FCLK_CLK_0_BUFG/O
                         net (fo=24609, routed)       1.604    22.783    ofdm_system_i/ofdm_axi_lite_0/inst/u_core/s_axi_aclk
    SLICE_X91Y58         FDRE                                         r  ofdm_system_i/ofdm_axi_lite_0/inst/u_core/ofdm_frame_reg[6766]/C
                         clock pessimism              0.129    22.912    
                         clock uncertainty           -0.302    22.610    
    SLICE_X91Y58         FDRE (Setup_fdre_C_D)        0.031    22.641    ofdm_system_i/ofdm_axi_lite_0/inst/u_core/ofdm_frame_reg[6766]
  -------------------------------------------------------------------
                         required time                         22.641    
                         arrival time                         -18.914    
  -------------------------------------------------------------------
                         slack                                  3.727    

Slack (MET) :             3.727ns  (required time - arrival time)
  Source:                 ofdm_system_i/ofdm_axi_lite_0/inst/u_core/sym_idx_reg[2]/C
                            (rising edge-triggered cell FDCE clocked by clk_fpga_0  {rise@0.000ns fall@10.000ns period=20.000ns})
  Destination:            ofdm_system_i/ofdm_axi_lite_0/inst/u_core/ofdm_frame_reg[2510]/D
                            (rising edge-triggered cell FDRE clocked by clk_fpga_0  {rise@0.000ns fall@10.000ns period=20.000ns})
  Path Group:             clk_fpga_0
  Path Type:              Setup (Max at Slow Process Corner)
  Requirement:            20.000ns  (clk_fpga_0 rise@20.000ns - clk_fpga_0 rise@0.000ns)
  Data Path Delay:        15.788ns  (logic 0.642ns (4.066%)  route 15.146ns (95.934%))
  Logic Levels:           1  (LUT4=1)
  Clock Path Skew:        -0.125ns (DCD - SCD + CPR)
    Destination Clock Delay (DCD):    2.723ns = ( 22.723 - 20.000 ) 
    Source Clock Delay      (SCD):    2.977ns
    Clock Pessimism Removal (CPR):    0.129ns
  Clock Uncertainty:      0.302ns  ((TSJ^2 + TIJ^2)^1/2 + DJ) / 2 + PE
    Total System Jitter     (TSJ):    0.071ns
    Total Input Jitter      (TIJ):    0.600ns
    Discrete Jitter          (DJ):    0.000ns
    Phase Error              (PE):    0.000ns

    Location             Delay type                Incr(ns)  Path(ns)    Netlist Resource(s)
  -------------------------------------------------------------------    -------------------
                         (clock clk_fpga_0 rise edge)
                                                      0.000     0.000 r  
    PS7_X0Y0             PS7                          0.000     0.000 r  ofdm_system_i/processing_system7_0/inst/PS7_i/FCLKCLK[0]
                         net (fo=1, routed)           1.193     1.193    ofdm_system_i/processing_system7_0/inst/FCLK_CLK_unbuffered[0]
    BUFGCTRL_X0Y16       BUFG (Prop_bufg_I_O)         0.101     1.294 r  ofdm_system_i/processing_system7_0/inst/buffer_fclk_clk_0.FCLK_CLK_0_BUFG/O
                         net (fo=24609, routed)       1.683     2.977    ofdm_system_i/ofdm_axi_lite_0/inst/u_core/s_axi_aclk
    SLICE_X26Y80         FDCE                                         r  ofdm_system_i/ofdm_axi_lite_0/inst/u_core/sym_idx_reg[2]/C
  -------------------------------------------------------------------    -------------------
    SLICE_X26Y80         FDCE (Prop_fdce_C_Q)         0.518     3.495 f  ofdm_system_i/ofdm_axi_lite_0/inst/u_core/sym_idx_reg[2]/Q
                         net (fo=15194, routed)      14.493    17.988    ofdm_system_i/ofdm_axi_lite_0/inst/u_core/u_add_cp/ofdm_frame_reg[512]
    SLICE_X87Y59         LUT4 (Prop_lut4_I0_O)        0.124    18.112 r  ofdm_system_i/ofdm_axi_lite_0/inst/u_core/u_add_cp/ofdm_frame[2510]_i_1/O
                         net (fo=1, routed)           0.653    18.765    ofdm_system_i/ofdm_axi_lite_0/inst/u_core/u_add_cp_n_1171
    SLICE_X87Y59         FDRE                                         r  ofdm_system_i/ofdm_axi_lite_0/inst/u_core/ofdm_frame_reg[2510]/D
  -------------------------------------------------------------------    -------------------

                         (clock clk_fpga_0 rise edge)
                                                     20.000    20.000 r  
    PS7_X0Y0             PS7                          0.000    20.000 r  ofdm_system_i/processing_system7_0/inst/PS7_i/FCLKCLK[0]
                         net (fo=1, routed)           1.088    21.088    ofdm_system_i/processing_system7_0/inst/FCLK_CLK_unbuffered[0]
    BUFGCTRL_X0Y16       BUFG (Prop_bufg_I_O)         0.091    21.179 r  ofdm_system_i/processing_system7_0/inst/buffer_fclk_clk_0.FCLK_CLK_0_BUFG/O
                         net (fo=24609, routed)       1.544    22.723    ofdm_system_i/ofdm_axi_lite_0/inst/u_core/s_axi_aclk
    SLICE_X87Y59         FDRE                                         r  ofdm_system_i/ofdm_axi_lite_0/inst/u_core/ofdm_frame_reg[2510]/C
                         clock pessimism              0.129    22.852    
                         clock uncertainty           -0.302    22.550    
    SLICE_X87Y59         FDRE (Setup_fdre_C_D)       -0.058    22.492    ofdm_system_i/ofdm_axi_lite_0/inst/u_core/ofdm_frame_reg[2510]
  -------------------------------------------------------------------
                         required time                         22.492    
                         arrival time                         -18.765    
  -------------------------------------------------------------------
                         slack                                  3.727    

Slack (MET) :             3.825ns  (required time - arrival time)
  Source:                 ofdm_system_i/ofdm_axi_lite_0/inst/u_core/sym_idx_reg[2]/C
                            (rising edge-triggered cell FDCE clocked by clk_fpga_0  {rise@0.000ns fall@10.000ns period=20.000ns})
  Destination:            ofdm_system_i/ofdm_axi_lite_0/inst/u_core/ofdm_frame_reg[7247]/D
                            (rising edge-triggered cell FDRE clocked by clk_fpga_0  {rise@0.000ns fall@10.000ns period=20.000ns})
  Path Group:             clk_fpga_0
  Path Type:              Setup (Max at Slow Process Corner)
  Requirement:            20.000ns  (clk_fpga_0 rise@20.000ns - clk_fpga_0 rise@0.000ns)
  Data Path Delay:        15.895ns  (logic 0.994ns (6.254%)  route 14.901ns (93.746%))
  Logic Levels:           2  (LUT4=1 LUT6=1)
  Clock Path Skew:        -0.058ns (DCD - SCD + CPR)
    Destination Clock Delay (DCD):    2.804ns = ( 22.805 - 20.000 ) 
    Source Clock Delay      (SCD):    2.977ns
    Clock Pessimism Removal (CPR):    0.115ns
  Clock Uncertainty:      0.302ns  ((TSJ^2 + TIJ^2)^1/2 + DJ) / 2 + PE
    Total System Jitter     (TSJ):    0.071ns
    Total Input Jitter      (TIJ):    0.600ns
    Discrete Jitter          (DJ):    0.000ns
    Phase Error              (PE):    0.000ns

    Location             Delay type                Incr(ns)  Path(ns)    Netlist Resource(s)
  -------------------------------------------------------------------    -------------------
                         (clock clk_fpga_0 rise edge)
                                                      0.000     0.000 r  
    PS7_X0Y0             PS7                          0.000     0.000 r  ofdm_system_i/processing_system7_0/inst/PS7_i/FCLKCLK[0]
                         net (fo=1, routed)           1.193     1.193    ofdm_system_i/processing_system7_0/inst/FCLK_CLK_unbuffered[0]
    BUFGCTRL_X0Y16       BUFG (Prop_bufg_I_O)         0.101     1.294 r  ofdm_system_i/processing_system7_0/inst/buffer_fclk_clk_0.FCLK_CLK_0_BUFG/O
                         net (fo=24609, routed)       1.683     2.977    ofdm_system_i/ofdm_axi_lite_0/inst/u_core/s_axi_aclk
    SLICE_X26Y80         FDCE                                         r  ofdm_system_i/ofdm_axi_lite_0/inst/u_core/sym_idx_reg[2]/C
  -------------------------------------------------------------------    -------------------
    SLICE_X26Y80         FDCE (Prop_fdce_C_Q)         0.518     3.495 f  ofdm_system_i/ofdm_axi_lite_0/inst/u_core/sym_idx_reg[2]/Q
                         net (fo=15194, routed)      14.019    17.514    ofdm_system_i/ofdm_axi_lite_0/inst/u_core/u_add_cp/ofdm_frame_reg[512]
    SLICE_X102Y46        LUT4 (Prop_lut4_I3_O)        0.148    17.662 r  ofdm_system_i/ofdm_axi_lite_0/inst/u_core/u_add_cp/ofdm_frame[7247]_i_2/O
                         net (fo=1, routed)           0.881    18.544    ofdm_system_i/ofdm_axi_lite_0/inst/u_core/u_add_cp/ofdm_frame[7247]_i_2_n_0
    SLICE_X102Y46        LUT6 (Prop_lut6_I0_O)        0.328    18.872 r  ofdm_system_i/ofdm_axi_lite_0/inst/u_core/u_add_cp/ofdm_frame[7247]_i_1/O
                         net (fo=1, routed)           0.000    18.872    ofdm_system_i/ofdm_axi_lite_0/inst/u_core/u_add_cp_n_6064
    SLICE_X102Y46        FDRE                                         r  ofdm_system_i/ofdm_axi_lite_0/inst/u_core/ofdm_frame_reg[7247]/D
  -------------------------------------------------------------------    -------------------

                         (clock clk_fpga_0 rise edge)
                                                     20.000    20.000 r  
    PS7_X0Y0             PS7                          0.000    20.000 r  ofdm_system_i/processing_system7_0/inst/PS7_i/FCLKCLK[0]
                         net (fo=1, routed)           1.088    21.088    ofdm_system_i/processing_system7_0/inst/FCLK_CLK_unbuffered[0]
    BUFGCTRL_X0Y16       BUFG (Prop_bufg_I_O)         0.091    21.179 r  ofdm_system_i/processing_system7_0/inst/buffer_fclk_clk_0.FCLK_CLK_0_BUFG/O
                         net (fo=24609, routed)       1.625    22.805    ofdm_system_i/ofdm_axi_lite_0/inst/u_core/s_axi_aclk
    SLICE_X102Y46        FDRE                                         r  ofdm_system_i/ofdm_axi_lite_0/inst/u_core/ofdm_frame_reg[7247]/C
                         clock pessimism              0.115    22.919    
                         clock uncertainty           -0.302    22.617    
    SLICE_X102Y46        FDRE (Setup_fdre_C_D)        0.079    22.696    ofdm_system_i/ofdm_axi_lite_0/inst/u_core/ofdm_frame_reg[7247]
  -------------------------------------------------------------------
                         required time                         22.696    
                         arrival time                         -18.872    
  -------------------------------------------------------------------
                         slack                                  3.825    

Slack (MET) :             3.841ns  (required time - arrival time)
  Source:                 ofdm_system_i/ofdm_axi_lite_0/inst/u_core/sym_idx_reg[2]/C
                            (rising edge-triggered cell FDCE clocked by clk_fpga_0  {rise@0.000ns fall@10.000ns period=20.000ns})
  Destination:            ofdm_system_i/ofdm_axi_lite_0/inst/u_core/ofdm_frame_reg[6702]/D
                            (rising edge-triggered cell FDRE clocked by clk_fpga_0  {rise@0.000ns fall@10.000ns period=20.000ns})
  Path Group:             clk_fpga_0
  Path Type:              Setup (Max at Slow Process Corner)
  Requirement:            20.000ns  (clk_fpga_0 rise@20.000ns - clk_fpga_0 rise@0.000ns)
  Data Path Delay:        15.822ns  (logic 0.994ns (6.282%)  route 14.828ns (93.718%))
  Logic Levels:           2  (LUT4=1 LUT6=1)
  Clock Path Skew:        -0.064ns (DCD - SCD + CPR)
    Destination Clock Delay (DCD):    2.784ns = ( 22.784 - 20.000 ) 
    Source Clock Delay      (SCD):    2.977ns
    Clock Pessimism Removal (CPR):    0.129ns
  Clock Uncertainty:      0.302ns  ((TSJ^2 + TIJ^2)^1/2 + DJ) / 2 + PE
    Total System Jitter     (TSJ):    0.071ns
    Total Input Jitter      (TIJ):    0.600ns
    Discrete Jitter          (DJ):    0.000ns
    Phase Error              (PE):    0.000ns

    Location             Delay type                Incr(ns)  Path(ns)    Netlist Resource(s)
  -------------------------------------------------------------------    -------------------
                         (clock clk_fpga_0 rise edge)
                                                      0.000     0.000 r  
    PS7_X0Y0             PS7                          0.000     0.000 r  ofdm_system_i/processing_system7_0/inst/PS7_i/FCLKCLK[0]
                         net (fo=1, routed)           1.193     1.193    ofdm_system_i/processing_system7_0/inst/FCLK_CLK_unbuffered[0]
    BUFGCTRL_X0Y16       BUFG (Prop_bufg_I_O)         0.101     1.294 r  ofdm_system_i/processing_system7_0/inst/buffer_fclk_clk_0.FCLK_CLK_0_BUFG/O
                         net (fo=24609, routed)       1.683     2.977    ofdm_system_i/ofdm_axi_lite_0/inst/u_core/s_axi_aclk
    SLICE_X26Y80         FDCE                                         r  ofdm_system_i/ofdm_axi_lite_0/inst/u_core/sym_idx_reg[2]/C
  -------------------------------------------------------------------    -------------------
    SLICE_X26Y80         FDCE (Prop_fdce_C_Q)         0.518     3.495 f  ofdm_system_i/ofdm_axi_lite_0/inst/u_core/sym_idx_reg[2]/Q
                         net (fo=15194, routed)      14.280    17.775    ofdm_system_i/ofdm_axi_lite_0/inst/u_core/u_add_cp/ofdm_frame_reg[512]
    SLICE_X88Y56         LUT4 (Prop_lut4_I0_O)        0.150    17.925 r  ofdm_system_i/ofdm_axi_lite_0/inst/u_core/u_add_cp/ofdm_frame[6702]_i_2/O
                         net (fo=1, routed)           0.548    18.473    ofdm_system_i/ofdm_axi_lite_0/inst/u_core/u_add_cp/ofdm_frame[6702]_i_2_n_0
    SLICE_X91Y54         LUT6 (Prop_lut6_I0_O)        0.326    18.799 r  ofdm_system_i/ofdm_axi_lite_0/inst/u_core/u_add_cp/ofdm_frame[6702]_i_1/O
                         net (fo=1, routed)           0.000    18.799    ofdm_system_i/ofdm_axi_lite_0/inst/u_core/u_add_cp_n_6609
    SLICE_X91Y54         FDRE                                         r  ofdm_system_i/ofdm_axi_lite_0/inst/u_core/ofdm_frame_reg[6702]/D
  -------------------------------------------------------------------    -------------------

                         (clock clk_fpga_0 rise edge)
                                                     20.000    20.000 r  
    PS7_X0Y0             PS7                          0.000    20.000 r  ofdm_system_i/processing_system7_0/inst/PS7_i/FCLKCLK[0]
                         net (fo=1, routed)           1.088    21.088    ofdm_system_i/processing_system7_0/inst/FCLK_CLK_unbuffered[0]
    BUFGCTRL_X0Y16       BUFG (Prop_bufg_I_O)         0.091    21.179 r  ofdm_system_i/processing_system7_0/inst/buffer_fclk_clk_0.FCLK_CLK_0_BUFG/O
                         net (fo=24609, routed)       1.605    22.784    ofdm_system_i/ofdm_axi_lite_0/inst/u_core/s_axi_aclk
    SLICE_X91Y54         FDRE                                         r  ofdm_system_i/ofdm_axi_lite_0/inst/u_core/ofdm_frame_reg[6702]/C
                         clock pessimism              0.129    22.913    
                         clock uncertainty           -0.302    22.611    
    SLICE_X91Y54         FDRE (Setup_fdre_C_D)        0.029    22.640    ofdm_system_i/ofdm_axi_lite_0/inst/u_core/ofdm_frame_reg[6702]
  -------------------------------------------------------------------
                         required time                         22.640    
                         arrival time                         -18.799    
  -------------------------------------------------------------------
                         slack                                  3.841    

Slack (MET) :             3.942ns  (required time - arrival time)
  Source:                 ofdm_system_i/ofdm_axi_lite_0/inst/u_core/sym_idx_reg[0]/C
                            (rising edge-triggered cell FDCE clocked by clk_fpga_0  {rise@0.000ns fall@10.000ns period=20.000ns})
  Destination:            ofdm_system_i/ofdm_axi_lite_0/inst/u_core/ofdm_frame_reg[1768]/CE
                            (rising edge-triggered cell FDRE clocked by clk_fpga_0  {rise@0.000ns fall@10.000ns period=20.000ns})
  Path Group:             clk_fpga_0
  Path Type:              Setup (Max at Slow Process Corner)
  Requirement:            20.000ns  (clk_fpga_0 rise@20.000ns - clk_fpga_0 rise@0.000ns)
  Data Path Delay:        15.571ns  (logic 0.642ns (4.123%)  route 14.929ns (95.877%))
  Logic Levels:           1  (LUT6=1)
  Clock Path Skew:        -0.016ns (DCD - SCD + CPR)
    Destination Clock Delay (DCD):    2.832ns = ( 22.832 - 20.000 ) 
    Source Clock Delay      (SCD):    2.977ns
    Clock Pessimism Removal (CPR):    0.129ns
  Clock Uncertainty:      0.302ns  ((TSJ^2 + TIJ^2)^1/2 + DJ) / 2 + PE
    Total System Jitter     (TSJ):    0.071ns
    Total Input Jitter      (TIJ):    0.600ns
    Discrete Jitter          (DJ):    0.000ns
    Phase Error              (PE):    0.000ns

    Location             Delay type                Incr(ns)  Path(ns)    Netlist Resource(s)
  -------------------------------------------------------------------    -------------------
                         (clock clk_fpga_0 rise edge)
                                                      0.000     0.000 r  
    PS7_X0Y0             PS7                          0.000     0.000 r  ofdm_system_i/processing_system7_0/inst/PS7_i/FCLKCLK[0]
                         net (fo=1, routed)           1.193     1.193    ofdm_system_i/processing_system7_0/inst/FCLK_CLK_unbuffered[0]
    BUFGCTRL_X0Y16       BUFG (Prop_bufg_I_O)         0.101     1.294 r  ofdm_system_i/processing_system7_0/inst/buffer_fclk_clk_0.FCLK_CLK_0_BUFG/O
                         net (fo=24609, routed)       1.683     2.977    ofdm_system_i/ofdm_axi_lite_0/inst/u_core/s_axi_aclk
    SLICE_X26Y80         FDCE                                         r  ofdm_system_i/ofdm_axi_lite_0/inst/u_core/sym_idx_reg[0]/C
  -------------------------------------------------------------------    -------------------
    SLICE_X26Y80         FDCE (Prop_fdce_C_Q)         0.518     3.495 f  ofdm_system_i/ofdm_axi_lite_0/inst/u_core/sym_idx_reg[0]/Q
                         net (fo=15196, routed)       6.920    10.415    ofdm_system_i/ofdm_axi_lite_0/inst/u_core/sym_idx_reg_n_0_[0]
    SLICE_X107Y92        LUT6 (Prop_lut6_I0_O)        0.124    10.539 r  ofdm_system_i/ofdm_axi_lite_0/inst/u_core/ofdm_frame[2047]_i_1/O
                         net (fo=512, routed)         8.009    18.548    ofdm_system_i/ofdm_axi_lite_0/inst/u_core/ofdm_frame0_out[2047]
    SLICE_X38Y145        FDRE                                         r  ofdm_system_i/ofdm_axi_lite_0/inst/u_core/ofdm_frame_reg[1768]/CE
  -------------------------------------------------------------------    -------------------

                         (clock clk_fpga_0 rise edge)
                                                     20.000    20.000 r  
    PS7_X0Y0             PS7                          0.000    20.000 r  ofdm_system_i/processing_system7_0/inst/PS7_i/FCLKCLK[0]
                         net (fo=1, routed)           1.088    21.088    ofdm_system_i/processing_system7_0/inst/FCLK_CLK_unbuffered[0]
    BUFGCTRL_X0Y16       BUFG (Prop_bufg_I_O)         0.091    21.179 r  ofdm_system_i/processing_system7_0/inst/buffer_fclk_clk_0.FCLK_CLK_0_BUFG/O
                         net (fo=24609, routed)       1.653    22.832    ofdm_system_i/ofdm_axi_lite_0/inst/u_core/s_axi_aclk
    SLICE_X38Y145        FDRE                                         r  ofdm_system_i/ofdm_axi_lite_0/inst/u_core/ofdm_frame_reg[1768]/C
                         clock pessimism              0.129    22.961    
                         clock uncertainty           -0.302    22.659    
    SLICE_X38Y145        FDRE (Setup_fdre_C_CE)      -0.169    22.490    ofdm_system_i/ofdm_axi_lite_0/inst/u_core/ofdm_frame_reg[1768]
  -------------------------------------------------------------------
                         required time                         22.490    
                         arrival time                         -18.548    
  -------------------------------------------------------------------
                         slack                                  3.942    

Slack (MET) :             3.942ns  (required time - arrival time)
  Source:                 ofdm_system_i/ofdm_axi_lite_0/inst/u_core/sym_idx_reg[2]/C
                            (rising edge-triggered cell FDCE clocked by clk_fpga_0  {rise@0.000ns fall@10.000ns period=20.000ns})
  Destination:            ofdm_system_i/ofdm_axi_lite_0/inst/u_core/ofdm_frame_reg[3535]/D
                            (rising edge-triggered cell FDRE clocked by clk_fpga_0  {rise@0.000ns fall@10.000ns period=20.000ns})
  Path Group:             clk_fpga_0
  Path Type:              Setup (Max at Slow Process Corner)
  Requirement:            20.000ns  (clk_fpga_0 rise@20.000ns - clk_fpga_0 rise@0.000ns)
  Data Path Delay:        15.731ns  (logic 0.766ns (4.869%)  route 14.965ns (95.131%))
  Logic Levels:           2  (LUT3=1 LUT6=1)
  Clock Path Skew:        -0.057ns (DCD - SCD + CPR)
    Destination Clock Delay (DCD):    2.805ns = ( 22.806 - 20.000 ) 
    Source Clock Delay      (SCD):    2.977ns
    Clock Pessimism Removal (CPR):    0.115ns
  Clock Uncertainty:      0.302ns  ((TSJ^2 + TIJ^2)^1/2 + DJ) / 2 + PE
    Total System Jitter     (TSJ):    0.071ns
    Total Input Jitter      (TIJ):    0.600ns
    Discrete Jitter          (DJ):    0.000ns
    Phase Error              (PE):    0.000ns

    Location             Delay type                Incr(ns)  Path(ns)    Netlist Resource(s)
  -------------------------------------------------------------------    -------------------
                         (clock clk_fpga_0 rise edge)
                                                      0.000     0.000 r  
    PS7_X0Y0             PS7                          0.000     0.000 r  ofdm_system_i/processing_system7_0/inst/PS7_i/FCLKCLK[0]
                         net (fo=1, routed)           1.193     1.193    ofdm_system_i/processing_system7_0/inst/FCLK_CLK_unbuffered[0]
    BUFGCTRL_X0Y16       BUFG (Prop_bufg_I_O)         0.101     1.294 r  ofdm_system_i/processing_system7_0/inst/buffer_fclk_clk_0.FCLK_CLK_0_BUFG/O
                         net (fo=24609, routed)       1.683     2.977    ofdm_system_i/ofdm_axi_lite_0/inst/u_core/s_axi_aclk
    SLICE_X26Y80         FDCE                                         r  ofdm_system_i/ofdm_axi_lite_0/inst/u_core/sym_idx_reg[2]/C
  -------------------------------------------------------------------    -------------------
    SLICE_X26Y80         FDCE (Prop_fdce_C_Q)         0.518     3.495 f  ofdm_system_i/ofdm_axi_lite_0/inst/u_core/sym_idx_reg[2]/Q
                         net (fo=15194, routed)      14.105    17.600    ofdm_system_i/ofdm_axi_lite_0/inst/u_core/sym_idx_reg_n_0_[2]
    SLICE_X104Y46        LUT3 (Prop_lut3_I1_O)        0.124    17.724 r  ofdm_system_i/ofdm_axi_lite_0/inst/u_core/ofdm_frame[3535]_i_3/O
                         net (fo=1, routed)           0.860    18.584    ofdm_system_i/ofdm_axi_lite_0/inst/u_core/u_add_cp/ofdm_frame_reg[3535]
    SLICE_X105Y46        LUT6 (Prop_lut6_I2_O)        0.124    18.708 r  ofdm_system_i/ofdm_axi_lite_0/inst/u_core/u_add_cp/ofdm_frame[3535]_i_1/O
                         net (fo=1, routed)           0.000    18.708    ofdm_system_i/ofdm_axi_lite_0/inst/u_core/u_add_cp_n_9264
    SLICE_X105Y46        FDRE                                         r  ofdm_system_i/ofdm_axi_lite_0/inst/u_core/ofdm_frame_reg[3535]/D
  -------------------------------------------------------------------    -------------------

                         (clock clk_fpga_0 rise edge)
                                                     20.000    20.000 r  
    PS7_X0Y0             PS7                          0.000    20.000 r  ofdm_system_i/processing_system7_0/inst/PS7_i/FCLKCLK[0]
                         net (fo=1, routed)           1.088    21.088    ofdm_system_i/processing_system7_0/inst/FCLK_CLK_unbuffered[0]
    BUFGCTRL_X0Y16       BUFG (Prop_bufg_I_O)         0.091    21.179 r  ofdm_system_i/processing_system7_0/inst/buffer_fclk_clk_0.FCLK_CLK_0_BUFG/O
                         net (fo=24609, routed)       1.626    22.806    ofdm_system_i/ofdm_axi_lite_0/inst/u_core/s_axi_aclk
    SLICE_X105Y46        FDRE                                         r  ofdm_system_i/ofdm_axi_lite_0/inst/u_core/ofdm_frame_reg[3535]/C
                         clock pessimism              0.115    22.920    
                         clock uncertainty           -0.302    22.618    
    SLICE_X105Y46        FDRE (Setup_fdre_C_D)        0.032    22.650    ofdm_system_i/ofdm_axi_lite_0/inst/u_core/ofdm_frame_reg[3535]
  -------------------------------------------------------------------
                         required time                         22.650    
                         arrival time                         -18.708    
  -------------------------------------------------------------------
                         slack                                  3.942    

Slack (MET) :             3.959ns  (required time - arrival time)
  Source:                 ofdm_system_i/ofdm_axi_lite_0/inst/u_core/sym_idx_reg[0]/C
                            (rising edge-triggered cell FDCE clocked by clk_fpga_0  {rise@0.000ns fall@10.000ns period=20.000ns})
  Destination:            ofdm_system_i/ofdm_axi_lite_0/inst/u_core/ofdm_frame_reg[1832]/CE
                            (rising edge-triggered cell FDRE clocked by clk_fpga_0  {rise@0.000ns fall@10.000ns period=20.000ns})
  Path Group:             clk_fpga_0
  Path Type:              Setup (Max at Slow Process Corner)
  Requirement:            20.000ns  (clk_fpga_0 rise@20.000ns - clk_fpga_0 rise@0.000ns)
  Data Path Delay:        15.518ns  (logic 0.642ns (4.137%)  route 14.876ns (95.863%))
  Logic Levels:           1  (LUT6=1)
  Clock Path Skew:        -0.016ns (DCD - SCD + CPR)
    Destination Clock Delay (DCD):    2.832ns = ( 22.832 - 20.000 ) 
    Source Clock Delay      (SCD):    2.977ns
    Clock Pessimism Removal (CPR):    0.129ns
  Clock Uncertainty:      0.302ns  ((TSJ^2 + TIJ^2)^1/2 + DJ) / 2 + PE
    Total System Jitter     (TSJ):    0.071ns
    Total Input Jitter      (TIJ):    0.600ns
    Discrete Jitter          (DJ):    0.000ns
    Phase Error              (PE):    0.000ns

    Location             Delay type                Incr(ns)  Path(ns)    Netlist Resource(s)
  -------------------------------------------------------------------    -------------------
                         (clock clk_fpga_0 rise edge)
                                                      0.000     0.000 r  
    PS7_X0Y0             PS7                          0.000     0.000 r  ofdm_system_i/processing_system7_0/inst/PS7_i/FCLKCLK[0]
                         net (fo=1, routed)           1.193     1.193    ofdm_system_i/processing_system7_0/inst/FCLK_CLK_unbuffered[0]
    BUFGCTRL_X0Y16       BUFG (Prop_bufg_I_O)         0.101     1.294 r  ofdm_system_i/processing_system7_0/inst/buffer_fclk_clk_0.FCLK_CLK_0_BUFG/O
                         net (fo=24609, routed)       1.683     2.977    ofdm_system_i/ofdm_axi_lite_0/inst/u_core/s_axi_aclk
    SLICE_X26Y80         FDCE                                         r  ofdm_system_i/ofdm_axi_lite_0/inst/u_core/sym_idx_reg[0]/C
  -------------------------------------------------------------------    -------------------
    SLICE_X26Y80         FDCE (Prop_fdce_C_Q)         0.518     3.495 f  ofdm_system_i/ofdm_axi_lite_0/inst/u_core/sym_idx_reg[0]/Q
                         net (fo=15196, routed)       6.920    10.415    ofdm_system_i/ofdm_axi_lite_0/inst/u_core/sym_idx_reg_n_0_[0]
    SLICE_X107Y92        LUT6 (Prop_lut6_I0_O)        0.124    10.539 r  ofdm_system_i/ofdm_axi_lite_0/inst/u_core/ofdm_frame[2047]_i_1/O
                         net (fo=512, routed)         7.955    18.495    ofdm_system_i/ofdm_axi_lite_0/inst/u_core/ofdm_frame0_out[2047]
    SLICE_X41Y145        FDRE                                         r  ofdm_system_i/ofdm_axi_lite_0/inst/u_core/ofdm_frame_reg[1832]/CE
  -------------------------------------------------------------------    -------------------

                         (clock clk_fpga_0 rise edge)
                                                     20.000    20.000 r  
    PS7_X0Y0             PS7                          0.000    20.000 r  ofdm_system_i/processing_system7_0/inst/PS7_i/FCLKCLK[0]
                         net (fo=1, routed)           1.088    21.088    ofdm_system_i/processing_system7_0/inst/FCLK_CLK_unbuffered[0]
    BUFGCTRL_X0Y16       BUFG (Prop_bufg_I_O)         0.091    21.179 r  ofdm_system_i/processing_system7_0/inst/buffer_fclk_clk_0.FCLK_CLK_0_BUFG/O
                         net (fo=24609, routed)       1.653    22.832    ofdm_system_i/ofdm_axi_lite_0/inst/u_core/s_axi_aclk
    SLICE_X41Y145        FDRE                                         r  ofdm_system_i/ofdm_axi_lite_0/inst/u_core/ofdm_frame_reg[1832]/C
                         clock pessimism              0.129    22.961    
                         clock uncertainty           -0.302    22.659    
    SLICE_X41Y145        FDRE (Setup_fdre_C_CE)      -0.205    22.454    ofdm_system_i/ofdm_axi_lite_0/inst/u_core/ofdm_frame_reg[1832]
  -------------------------------------------------------------------
                         required time                         22.454    
                         arrival time                         -18.495    
  -------------------------------------------------------------------
                         slack                                  3.959    

Slack (MET) :             3.959ns  (required time - arrival time)
  Source:                 ofdm_system_i/ofdm_axi_lite_0/inst/u_core/sym_idx_reg[0]/C
                            (rising edge-triggered cell FDCE clocked by clk_fpga_0  {rise@0.000ns fall@10.000ns period=20.000ns})
  Destination:            ofdm_system_i/ofdm_axi_lite_0/inst/u_core/ofdm_frame_reg[1896]/CE
                            (rising edge-triggered cell FDRE clocked by clk_fpga_0  {rise@0.000ns fall@10.000ns period=20.000ns})
  Path Group:             clk_fpga_0
  Path Type:              Setup (Max at Slow Process Corner)
  Requirement:            20.000ns  (clk_fpga_0 rise@20.000ns - clk_fpga_0 rise@0.000ns)
  Data Path Delay:        15.518ns  (logic 0.642ns (4.137%)  route 14.876ns (95.863%))
  Logic Levels:           1  (LUT6=1)
  Clock Path Skew:        -0.016ns (DCD - SCD + CPR)
    Destination Clock Delay (DCD):    2.832ns = ( 22.832 - 20.000 ) 
    Source Clock Delay      (SCD):    2.977ns
    Clock Pessimism Removal (CPR):    0.129ns
  Clock Uncertainty:      0.302ns  ((TSJ^2 + TIJ^2)^1/2 + DJ) / 2 + PE
    Total System Jitter     (TSJ):    0.071ns
    Total Input Jitter      (TIJ):    0.600ns
    Discrete Jitter          (DJ):    0.000ns
    Phase Error              (PE):    0.000ns

    Location             Delay type                Incr(ns)  Path(ns)    Netlist Resource(s)
  -------------------------------------------------------------------    -------------------
                         (clock clk_fpga_0 rise edge)
                                                      0.000     0.000 r  
    PS7_X0Y0             PS7                          0.000     0.000 r  ofdm_system_i/processing_system7_0/inst/PS7_i/FCLKCLK[0]
                         net (fo=1, routed)           1.193     1.193    ofdm_system_i/processing_system7_0/inst/FCLK_CLK_unbuffered[0]
    BUFGCTRL_X0Y16       BUFG (Prop_bufg_I_O)         0.101     1.294 r  ofdm_system_i/processing_system7_0/inst/buffer_fclk_clk_0.FCLK_CLK_0_BUFG/O
                         net (fo=24609, routed)       1.683     2.977    ofdm_system_i/ofdm_axi_lite_0/inst/u_core/s_axi_aclk
    SLICE_X26Y80         FDCE                                         r  ofdm_system_i/ofdm_axi_lite_0/inst/u_core/sym_idx_reg[0]/C
  -------------------------------------------------------------------    -------------------
    SLICE_X26Y80         FDCE (Prop_fdce_C_Q)         0.518     3.495 f  ofdm_system_i/ofdm_axi_lite_0/inst/u_core/sym_idx_reg[0]/Q
                         net (fo=15196, routed)       6.920    10.415    ofdm_system_i/ofdm_axi_lite_0/inst/u_core/sym_idx_reg_n_0_[0]
    SLICE_X107Y92        LUT6 (Prop_lut6_I0_O)        0.124    10.539 r  ofdm_system_i/ofdm_axi_lite_0/inst/u_core/ofdm_frame[2047]_i_1/O
                         net (fo=512, routed)         7.955    18.495    ofdm_system_i/ofdm_axi_lite_0/inst/u_core/ofdm_frame0_out[2047]
    SLICE_X41Y145        FDRE                                         r  ofdm_system_i/ofdm_axi_lite_0/inst/u_core/ofdm_frame_reg[1896]/CE
  -------------------------------------------------------------------    -------------------

                         (clock clk_fpga_0 rise edge)
                                                     20.000    20.000 r  
    PS7_X0Y0             PS7                          0.000    20.000 r  ofdm_system_i/processing_system7_0/inst/PS7_i/FCLKCLK[0]
                         net (fo=1, routed)           1.088    21.088    ofdm_system_i/processing_system7_0/inst/FCLK_CLK_unbuffered[0]
    BUFGCTRL_X0Y16       BUFG (Prop_bufg_I_O)         0.091    21.179 r  ofdm_system_i/processing_system7_0/inst/buffer_fclk_clk_0.FCLK_CLK_0_BUFG/O
                         net (fo=24609, routed)       1.653    22.832    ofdm_system_i/ofdm_axi_lite_0/inst/u_core/s_axi_aclk
    SLICE_X41Y145        FDRE                                         r  ofdm_system_i/ofdm_axi_lite_0/inst/u_core/ofdm_frame_reg[1896]/C
                         clock pessimism              0.129    22.961    
                         clock uncertainty           -0.302    22.659    
    SLICE_X41Y145        FDRE (Setup_fdre_C_CE)      -0.205    22.454    ofdm_system_i/ofdm_axi_lite_0/inst/u_core/ofdm_frame_reg[1896]
  -------------------------------------------------------------------
                         required time                         22.454    
                         arrival time                         -18.495    
  -------------------------------------------------------------------
                         slack                                  3.959    





Min Delay Paths
--------------------------------------------------------------------------------------
Slack (MET) :             0.030ns  (arrival time - required time)
  Source:                 ofdm_system_i/ofdm_axi_lite_0/inst/u_core/u_s2p/parallel_data_reg[1003]/C
                            (rising edge-triggered cell FDRE clocked by clk_fpga_0  {rise@0.000ns fall@10.000ns period=20.000ns})
  Destination:            ofdm_system_i/ofdm_axi_lite_0/inst/u_core/u_add_cp/ofdm_symbol_cp_reg[1515]/D
                            (rising edge-triggered cell FDCE clocked by clk_fpga_0  {rise@0.000ns fall@10.000ns period=20.000ns})
  Path Group:             clk_fpga_0
  Path Type:              Hold (Min at Fast Process Corner)
  Requirement:            0.000ns  (clk_fpga_0 rise@0.000ns - clk_fpga_0 rise@0.000ns)
  Data Path Delay:        0.450ns  (logic 0.164ns (36.422%)  route 0.286ns (63.578%))
  Logic Levels:           0  
  Clock Path Skew:        0.348ns (DCD - SCD - CPR)
    Destination Clock Delay (DCD):    1.299ns
    Source Clock Delay      (SCD):    0.916ns
    Clock Pessimism Removal (CPR):    0.035ns

    Location             Delay type                Incr(ns)  Path(ns)    Netlist Resource(s)
  -------------------------------------------------------------------    -------------------
                         (clock clk_fpga_0 rise edge)
                                                      0.000     0.000 r  
    PS7_X0Y0             PS7                          0.000     0.000 r  ofdm_system_i/processing_system7_0/inst/PS7_i/FCLKCLK[0]
                         net (fo=1, routed)           0.310     0.310    ofdm_system_i/processing_system7_0/inst/FCLK_CLK_unbuffered[0]
    BUFGCTRL_X0Y16       BUFG (Prop_bufg_I_O)         0.026     0.336 r  ofdm_system_i/processing_system7_0/inst/buffer_fclk_clk_0.FCLK_CLK_0_BUFG/O
                         net (fo=24609, routed)       0.580     0.916    ofdm_system_i/ofdm_axi_lite_0/inst/u_core/u_s2p/s_axi_aclk
    SLICE_X62Y98         FDRE                                         r  ofdm_system_i/ofdm_axi_lite_0/inst/u_core/u_s2p/parallel_data_reg[1003]/C
  -------------------------------------------------------------------    -------------------
    SLICE_X62Y98         FDRE (Prop_fdre_C_Q)         0.164     1.080 r  ofdm_system_i/ofdm_axi_lite_0/inst/u_core/u_s2p/parallel_data_reg[1003]/Q
                         net (fo=1, routed)           0.286     1.366    ofdm_system_i/ofdm_axi_lite_0/inst/u_core/u_add_cp/Q[1003]
    SLICE_X57Y105        FDCE                                         r  ofdm_system_i/ofdm_axi_lite_0/inst/u_core/u_add_cp/ofdm_symbol_cp_reg[1515]/D
  -------------------------------------------------------------------    -------------------

                         (clock clk_fpga_0 rise edge)
                                                      0.000     0.000 r  
    PS7_X0Y0             PS7                          0.000     0.000 r  ofdm_system_i/processing_system7_0/inst/PS7_i/FCLKCLK[0]
                         net (fo=1, routed)           0.337     0.337    ofdm_system_i/processing_system7_0/inst/FCLK_CLK_unbuffered[0]
    BUFGCTRL_X0Y16       BUFG (Prop_bufg_I_O)         0.029     0.366 r  ofdm_system_i/processing_system7_0/inst/buffer_fclk_clk_0.FCLK_CLK_0_BUFG/O
                         net (fo=24609, routed)       0.933     1.299    ofdm_system_i/ofdm_axi_lite_0/inst/u_core/u_add_cp/s_axi_aclk
    SLICE_X57Y105        FDCE                                         r  ofdm_system_i/ofdm_axi_lite_0/inst/u_core/u_add_cp/ofdm_symbol_cp_reg[1515]/C
                         clock pessimism             -0.035     1.264    
    SLICE_X57Y105        FDCE (Hold_fdce_C_D)         0.072     1.336    ofdm_system_i/ofdm_axi_lite_0/inst/u_core/u_add_cp/ofdm_symbol_cp_reg[1515]
  -------------------------------------------------------------------
                         required time                         -1.336    
                         arrival time                           1.366    
  -------------------------------------------------------------------
                         slack                                  0.030    

Slack (MET) :             0.050ns  (arrival time - required time)
  Source:                 ofdm_system_i/ofdm_axi_lite_0/inst/u_core/u_s2p/parallel_data_reg[79]/C
                            (rising edge-triggered cell FDRE clocked by clk_fpga_0  {rise@0.000ns fall@10.000ns period=20.000ns})
  Destination:            ofdm_system_i/ofdm_axi_lite_0/inst/u_core/u_add_cp/ofdm_symbol_cp_reg[591]/D
                            (rising edge-triggered cell FDCE clocked by clk_fpga_0  {rise@0.000ns fall@10.000ns period=20.000ns})
  Path Group:             clk_fpga_0
  Path Type:              Hold (Min at Fast Process Corner)
  Requirement:            0.000ns  (clk_fpga_0 rise@0.000ns - clk_fpga_0 rise@0.000ns)
  Data Path Delay:        0.398ns  (logic 0.141ns (35.425%)  route 0.257ns (64.575%))
  Logic Levels:           0  
  Clock Path Skew:        0.278ns (DCD - SCD - CPR)
    Destination Clock Delay (DCD):    1.251ns
    Source Clock Delay      (SCD):    0.943ns
    Clock Pessimism Removal (CPR):    0.030ns

    Location             Delay type                Incr(ns)  Path(ns)    Netlist Resource(s)
  -------------------------------------------------------------------    -------------------
                         (clock clk_fpga_0 rise edge)
                                                      0.000     0.000 r  
    PS7_X0Y0             PS7                          0.000     0.000 r  ofdm_system_i/processing_system7_0/inst/PS7_i/FCLKCLK[0]
                         net (fo=1, routed)           0.310     0.310    ofdm_system_i/processing_system7_0/inst/FCLK_CLK_unbuffered[0]
    BUFGCTRL_X0Y16       BUFG (Prop_bufg_I_O)         0.026     0.336 r  ofdm_system_i/processing_system7_0/inst/buffer_fclk_clk_0.FCLK_CLK_0_BUFG/O
                         net (fo=24609, routed)       0.607     0.943    ofdm_system_i/ofdm_axi_lite_0/inst/u_core/u_s2p/s_axi_aclk
    SLICE_X105Y57        FDRE                                         r  ofdm_system_i/ofdm_axi_lite_0/inst/u_core/u_s2p/parallel_data_reg[79]/C
  -------------------------------------------------------------------    -------------------
    SLICE_X105Y57        FDRE (Prop_fdre_C_Q)         0.141     1.084 r  ofdm_system_i/ofdm_axi_lite_0/inst/u_core/u_s2p/parallel_data_reg[79]/Q
                         net (fo=1, routed)           0.257     1.341    ofdm_system_i/ofdm_axi_lite_0/inst/u_core/u_add_cp/Q[79]
    SLICE_X105Y48        FDCE                                         r  ofdm_system_i/ofdm_axi_lite_0/inst/u_core/u_add_cp/ofdm_symbol_cp_reg[591]/D
  -------------------------------------------------------------------    -------------------

                         (clock clk_fpga_0 rise edge)
                                                      0.000     0.000 r  
    PS7_X0Y0             PS7                          0.000     0.000 r  ofdm_system_i/processing_system7_0/inst/PS7_i/FCLKCLK[0]
                         net (fo=1, routed)           0.337     0.337    ofdm_system_i/processing_system7_0/inst/FCLK_CLK_unbuffered[0]
    BUFGCTRL_X0Y16       BUFG (Prop_bufg_I_O)         0.029     0.366 r  ofdm_system_i/processing_system7_0/inst/buffer_fclk_clk_0.FCLK_CLK_0_BUFG/O
                         net (fo=24609, routed)       0.885     1.251    ofdm_system_i/ofdm_axi_lite_0/inst/u_core/u_add_cp/s_axi_aclk
    SLICE_X105Y48        FDCE                                         r  ofdm_system_i/ofdm_axi_lite_0/inst/u_core/u_add_cp/ofdm_symbol_cp_reg[591]/C
                         clock pessimism             -0.030     1.221    
    SLICE_X105Y48        FDCE (Hold_fdce_C_D)         0.070     1.291    ofdm_system_i/ofdm_axi_lite_0/inst/u_core/u_add_cp/ofdm_symbol_cp_reg[591]
  -------------------------------------------------------------------
                         required time                         -1.291    
                         arrival time                           1.341    
  -------------------------------------------------------------------
                         slack                                  0.050    

Slack (MET) :             0.059ns  (arrival time - required time)
  Source:                 ofdm_system_i/ofdm_axi_lite_0/inst/u_core/u_s2p/parallel_data_reg[1373]/C
                            (rising edge-triggered cell FDRE clocked by clk_fpga_0  {rise@0.000ns fall@10.000ns period=20.000ns})
  Destination:            ofdm_system_i/ofdm_axi_lite_0/inst/u_core/u_add_cp/ofdm_symbol_cp_reg[1885]/D
                            (rising edge-triggered cell FDCE clocked by clk_fpga_0  {rise@0.000ns fall@10.000ns period=20.000ns})
  Path Group:             clk_fpga_0
  Path Type:              Hold (Min at Fast Process Corner)
  Requirement:            0.000ns  (clk_fpga_0 rise@0.000ns - clk_fpga_0 rise@0.000ns)
  Data Path Delay:        0.312ns  (logic 0.141ns (45.144%)  route 0.171ns (54.856%))
  Logic Levels:           0  
  Clock Path Skew:        0.183ns (DCD - SCD - CPR)
    Destination Clock Delay (DCD):    1.272ns
    Source Clock Delay      (SCD):    1.054ns
    Clock Pessimism Removal (CPR):    0.035ns

    Location             Delay type                Incr(ns)  Path(ns)    Netlist Resource(s)
  -------------------------------------------------------------------    -------------------
                         (clock clk_fpga_0 rise edge)
                                                      0.000     0.000 r  
    PS7_X0Y0             PS7                          0.000     0.000 r  ofdm_system_i/processing_system7_0/inst/PS7_i/FCLKCLK[0]
                         net (fo=1, routed)           0.310     0.310    ofdm_system_i/processing_system7_0/inst/FCLK_CLK_unbuffered[0]
    BUFGCTRL_X0Y16       BUFG (Prop_bufg_I_O)         0.026     0.336 r  ofdm_system_i/processing_system7_0/inst/buffer_fclk_clk_0.FCLK_CLK_0_BUFG/O
                         net (fo=24609, routed)       0.718     1.054    ofdm_system_i/ofdm_axi_lite_0/inst/u_core/u_s2p/s_axi_aclk
    SLICE_X107Y102       FDRE                                         r  ofdm_system_i/ofdm_axi_lite_0/inst/u_core/u_s2p/parallel_data_reg[1373]/C
  -------------------------------------------------------------------    -------------------
    SLICE_X107Y102       FDRE (Prop_fdre_C_Q)         0.141     1.195 r  ofdm_system_i/ofdm_axi_lite_0/inst/u_core/u_s2p/parallel_data_reg[1373]/Q
                         net (fo=1, routed)           0.171     1.366    ofdm_system_i/ofdm_axi_lite_0/inst/u_core/u_add_cp/Q[1373]
    SLICE_X107Y99        FDCE                                         r  ofdm_system_i/ofdm_axi_lite_0/inst/u_core/u_add_cp/ofdm_symbol_cp_reg[1885]/D
  -------------------------------------------------------------------    -------------------

                         (clock clk_fpga_0 rise edge)
                                                      0.000     0.000 r  
    PS7_X0Y0             PS7                          0.000     0.000 r  ofdm_system_i/processing_system7_0/inst/PS7_i/FCLKCLK[0]
                         net (fo=1, routed)           0.337     0.337    ofdm_system_i/processing_system7_0/inst/FCLK_CLK_unbuffered[0]
    BUFGCTRL_X0Y16       BUFG (Prop_bufg_I_O)         0.029     0.366 r  ofdm_system_i/processing_system7_0/inst/buffer_fclk_clk_0.FCLK_CLK_0_BUFG/O
                         net (fo=24609, routed)       0.906     1.272    ofdm_system_i/ofdm_axi_lite_0/inst/u_core/u_add_cp/s_axi_aclk
    SLICE_X107Y99        FDCE                                         r  ofdm_system_i/ofdm_axi_lite_0/inst/u_core/u_add_cp/ofdm_symbol_cp_reg[1885]/C
                         clock pessimism             -0.035     1.237    
    SLICE_X107Y99        FDCE (Hold_fdce_C_D)         0.070     1.307    ofdm_system_i/ofdm_axi_lite_0/inst/u_core/u_add_cp/ofdm_symbol_cp_reg[1885]
  -------------------------------------------------------------------
                         required time                         -1.307    
                         arrival time                           1.366    
  -------------------------------------------------------------------
                         slack                                  0.059    

Slack (MET) :             0.063ns  (arrival time - required time)
  Source:                 ofdm_system_i/ofdm_axi_lite_0/inst/u_core/u_s2p/parallel_data_reg[979]/C
                            (rising edge-triggered cell FDRE clocked by clk_fpga_0  {rise@0.000ns fall@10.000ns period=20.000ns})
  Destination:            ofdm_system_i/ofdm_axi_lite_0/inst/u_core/u_add_cp/ofdm_symbol_cp_reg[1491]/D
                            (rising edge-triggered cell FDCE clocked by clk_fpga_0  {rise@0.000ns fall@10.000ns period=20.000ns})
  Path Group:             clk_fpga_0
  Path Type:              Hold (Min at Fast Process Corner)
  Requirement:            0.000ns  (clk_fpga_0 rise@0.000ns - clk_fpga_0 rise@0.000ns)
  Data Path Delay:        0.315ns  (logic 0.141ns (44.716%)  route 0.174ns (55.284%))
  Logic Levels:           0  
  Clock Path Skew:        0.182ns (DCD - SCD - CPR)
    Destination Clock Delay (DCD):    1.215ns
    Source Clock Delay      (SCD):    0.998ns
    Clock Pessimism Removal (CPR):    0.035ns

    Location             Delay type                Incr(ns)  Path(ns)    Netlist Resource(s)
  -------------------------------------------------------------------    -------------------
                         (clock clk_fpga_0 rise edge)
                                                      0.000     0.000 r  
    PS7_X0Y0             PS7                          0.000     0.000 r  ofdm_system_i/processing_system7_0/inst/PS7_i/FCLKCLK[0]
                         net (fo=1, routed)           0.310     0.310    ofdm_system_i/processing_system7_0/inst/FCLK_CLK_unbuffered[0]
    BUFGCTRL_X0Y16       BUFG (Prop_bufg_I_O)         0.026     0.336 r  ofdm_system_i/processing_system7_0/inst/buffer_fclk_clk_0.FCLK_CLK_0_BUFG/O
                         net (fo=24609, routed)       0.662     0.998    ofdm_system_i/ofdm_axi_lite_0/inst/u_core/u_s2p/s_axi_aclk
    SLICE_X63Y101        FDRE                                         r  ofdm_system_i/ofdm_axi_lite_0/inst/u_core/u_s2p/parallel_data_reg[979]/C
  -------------------------------------------------------------------    -------------------
    SLICE_X63Y101        FDRE (Prop_fdre_C_Q)         0.141     1.139 r  ofdm_system_i/ofdm_axi_lite_0/inst/u_core/u_s2p/parallel_data_reg[979]/Q
                         net (fo=1, routed)           0.174     1.313    ofdm_system_i/ofdm_axi_lite_0/inst/u_core/u_add_cp/Q[979]
    SLICE_X65Y98         FDCE                                         r  ofdm_system_i/ofdm_axi_lite_0/inst/u_core/u_add_cp/ofdm_symbol_cp_reg[1491]/D
  -------------------------------------------------------------------    -------------------

                         (clock clk_fpga_0 rise edge)
                                                      0.000     0.000 r  
    PS7_X0Y0             PS7                          0.000     0.000 r  ofdm_system_i/processing_system7_0/inst/PS7_i/FCLKCLK[0]
                         net (fo=1, routed)           0.337     0.337    ofdm_system_i/processing_system7_0/inst/FCLK_CLK_unbuffered[0]
    BUFGCTRL_X0Y16       BUFG (Prop_bufg_I_O)         0.029     0.366 r  ofdm_system_i/processing_system7_0/inst/buffer_fclk_clk_0.FCLK_CLK_0_BUFG/O
                         net (fo=24609, routed)       0.849     1.215    ofdm_system_i/ofdm_axi_lite_0/inst/u_core/u_add_cp/s_axi_aclk
    SLICE_X65Y98         FDCE                                         r  ofdm_system_i/ofdm_axi_lite_0/inst/u_core/u_add_cp/ofdm_symbol_cp_reg[1491]/C
                         clock pessimism             -0.035     1.180    
    SLICE_X65Y98         FDCE (Hold_fdce_C_D)         0.070     1.250    ofdm_system_i/ofdm_axi_lite_0/inst/u_core/u_add_cp/ofdm_symbol_cp_reg[1491]
  -------------------------------------------------------------------
                         required time                         -1.250    
                         arrival time                           1.313    
  -------------------------------------------------------------------
                         slack                                  0.063    

Slack (MET) :             0.067ns  (arrival time - required time)
  Source:                 ofdm_system_i/ofdm_axi_lite_0/inst/u_core/u_s2p/parallel_data_reg[773]/C
                            (rising edge-triggered cell FDRE clocked by clk_fpga_0  {rise@0.000ns fall@10.000ns period=20.000ns})
  Destination:            ofdm_system_i/ofdm_axi_lite_0/inst/u_core/u_add_cp/ofdm_symbol_cp_reg[1285]/D
                            (rising edge-triggered cell FDCE clocked by clk_fpga_0  {rise@0.000ns fall@10.000ns period=20.000ns})
  Path Group:             clk_fpga_0
  Path Type:              Hold (Min at Fast Process Corner)
  Requirement:            0.000ns  (clk_fpga_0 rise@0.000ns - clk_fpga_0 rise@0.000ns)
  Data Path Delay:        0.381ns  (logic 0.164ns (43.082%)  route 0.217ns (56.918%))
  Logic Levels:           0  
  Clock Path Skew:        0.266ns (DCD - SCD - CPR)
    Destination Clock Delay (DCD):    1.188ns
    Source Clock Delay      (SCD):    0.887ns
    Clock Pessimism Removal (CPR):    0.035ns

    Location             Delay type                Incr(ns)  Path(ns)    Netlist Resource(s)
  -------------------------------------------------------------------    -------------------
                         (clock clk_fpga_0 rise edge)
                                                      0.000     0.000 r  
    PS7_X0Y0             PS7                          0.000     0.000 r  ofdm_system_i/processing_system7_0/inst/PS7_i/FCLKCLK[0]
                         net (fo=1, routed)           0.310     0.310    ofdm_system_i/processing_system7_0/inst/FCLK_CLK_unbuffered[0]
    BUFGCTRL_X0Y16       BUFG (Prop_bufg_I_O)         0.026     0.336 r  ofdm_system_i/processing_system7_0/inst/buffer_fclk_clk_0.FCLK_CLK_0_BUFG/O
                         net (fo=24609, routed)       0.551     0.887    ofdm_system_i/ofdm_axi_lite_0/inst/u_core/u_s2p/s_axi_aclk
    SLICE_X50Y90         FDRE                                         r  ofdm_system_i/ofdm_axi_lite_0/inst/u_core/u_s2p/parallel_data_reg[773]/C
  -------------------------------------------------------------------    -------------------
    SLICE_X50Y90         FDRE (Prop_fdre_C_Q)         0.164     1.051 r  ofdm_system_i/ofdm_axi_lite_0/inst/u_core/u_s2p/parallel_data_reg[773]/Q
                         net (fo=1, routed)           0.217     1.267    ofdm_system_i/ofdm_axi_lite_0/inst/u_core/u_add_cp/Q[773]
    SLICE_X48Y88         FDCE                                         r  ofdm_system_i/ofdm_axi_lite_0/inst/u_core/u_add_cp/ofdm_symbol_cp_reg[1285]/D
  -------------------------------------------------------------------    -------------------

                         (clock clk_fpga_0 rise edge)
                                                      0.000     0.000 r  
    PS7_X0Y0             PS7                          0.000     0.000 r  ofdm_system_i/processing_system7_0/inst/PS7_i/FCLKCLK[0]
                         net (fo=1, routed)           0.337     0.337    ofdm_system_i/processing_system7_0/inst/FCLK_CLK_unbuffered[0]
    BUFGCTRL_X0Y16       BUFG (Prop_bufg_I_O)         0.029     0.366 r  ofdm_system_i/processing_system7_0/inst/buffer_fclk_clk_0.FCLK_CLK_0_BUFG/O
                         net (fo=24609, routed)       0.822     1.188    ofdm_system_i/ofdm_axi_lite_0/inst/u_core/u_add_cp/s_axi_aclk
    SLICE_X48Y88         FDCE                                         r  ofdm_system_i/ofdm_axi_lite_0/inst/u_core/u_add_cp/ofdm_symbol_cp_reg[1285]/C
                         clock pessimism             -0.035     1.153    
    SLICE_X48Y88         FDCE (Hold_fdce_C_D)         0.047     1.200    ofdm_system_i/ofdm_axi_lite_0/inst/u_core/u_add_cp/ofdm_symbol_cp_reg[1285]
  -------------------------------------------------------------------
                         required time                         -1.200    
                         arrival time                           1.267    
  -------------------------------------------------------------------
                         slack                                  0.067    

Slack (MET) :             0.071ns  (arrival time - required time)
  Source:                 ofdm_system_i/rst_ps7_0_50M/U0/SEQ/from_sys_reg/C
                            (rising edge-triggered cell FDSE clocked by clk_fpga_0  {rise@0.000ns fall@10.000ns period=20.000ns})
  Destination:            ofdm_system_i/rst_ps7_0_50M/U0/SEQ/SEQ_COUNTER/q_int_reg[0]/CE
                            (rising edge-triggered cell FDRE clocked by clk_fpga_0  {rise@0.000ns fall@10.000ns period=20.000ns})
  Path Group:             clk_fpga_0
  Path Type:              Hold (Min at Fast Process Corner)
  Requirement:            0.000ns  (clk_fpga_0 rise@0.000ns - clk_fpga_0 rise@0.000ns)
  Data Path Delay:        0.351ns  (logic 0.128ns (36.513%)  route 0.223ns (63.487%))
  Logic Levels:           0  
  Clock Path Skew:        0.349ns (DCD - SCD - CPR)
    Destination Clock Delay (DCD):    1.277ns
    Source Clock Delay      (SCD):    0.893ns
    Clock Pessimism Removal (CPR):    0.035ns

    Location             Delay type                Incr(ns)  Path(ns)    Netlist Resource(s)
  -------------------------------------------------------------------    -------------------
                         (clock clk_fpga_0 rise edge)
                                                      0.000     0.000 r  
    PS7_X0Y0             PS7                          0.000     0.000 r  ofdm_system_i/processing_system7_0/inst/PS7_i/FCLKCLK[0]
                         net (fo=1, routed)           0.310     0.310    ofdm_system_i/processing_system7_0/inst/FCLK_CLK_unbuffered[0]
    BUFGCTRL_X0Y16       BUFG (Prop_bufg_I_O)         0.026     0.336 r  ofdm_system_i/processing_system7_0/inst/buffer_fclk_clk_0.FCLK_CLK_0_BUFG/O
                         net (fo=24609, routed)       0.557     0.893    ofdm_system_i/rst_ps7_0_50M/U0/SEQ/slowest_sync_clk
    SLICE_X37Y99         FDSE                                         r  ofdm_system_i/rst_ps7_0_50M/U0/SEQ/from_sys_reg/C
  -------------------------------------------------------------------    -------------------
    SLICE_X37Y99         FDSE (Prop_fdse_C_Q)         0.128     1.021 r  ofdm_system_i/rst_ps7_0_50M/U0/SEQ/from_sys_reg/Q
                         net (fo=10, routed)          0.223     1.243    ofdm_system_i/rst_ps7_0_50M/U0/SEQ/SEQ_COUNTER/seq_cnt_en
    SLICE_X36Y100        FDRE                                         r  ofdm_system_i/rst_ps7_0_50M/U0/SEQ/SEQ_COUNTER/q_int_reg[0]/CE
  -------------------------------------------------------------------    -------------------

                         (clock clk_fpga_0 rise edge)
                                                      0.000     0.000 r  
    PS7_X0Y0             PS7                          0.000     0.000 r  ofdm_system_i/processing_system7_0/inst/PS7_i/FCLKCLK[0]
                         net (fo=1, routed)           0.337     0.337    ofdm_system_i/processing_system7_0/inst/FCLK_CLK_unbuffered[0]
    BUFGCTRL_X0Y16       BUFG (Prop_bufg_I_O)         0.029     0.366 r  ofdm_system_i/processing_system7_0/inst/buffer_fclk_clk_0.FCLK_CLK_0_BUFG/O
                         net (fo=24609, routed)       0.911     1.277    ofdm_system_i/rst_ps7_0_50M/U0/SEQ/SEQ_COUNTER/slowest_sync_clk
    SLICE_X36Y100        FDRE                                         r  ofdm_system_i/rst_ps7_0_50M/U0/SEQ/SEQ_COUNTER/q_int_reg[0]/C
                         clock pessimism             -0.035     1.242    
    SLICE_X36Y100        FDRE (Hold_fdre_C_CE)       -0.070     1.172    ofdm_system_i/rst_ps7_0_50M/U0/SEQ/SEQ_COUNTER/q_int_reg[0]
  -------------------------------------------------------------------
                         required time                         -1.172    
                         arrival time                           1.243    
  -------------------------------------------------------------------
                         slack                                  0.071    

Slack (MET) :             0.071ns  (arrival time - required time)
  Source:                 ofdm_system_i/rst_ps7_0_50M/U0/SEQ/from_sys_reg/C
                            (rising edge-triggered cell FDSE clocked by clk_fpga_0  {rise@0.000ns fall@10.000ns period=20.000ns})
  Destination:            ofdm_system_i/rst_ps7_0_50M/U0/SEQ/SEQ_COUNTER/q_int_reg[1]/CE
                            (rising edge-triggered cell FDRE clocked by clk_fpga_0  {rise@0.000ns fall@10.000ns period=20.000ns})
  Path Group:             clk_fpga_0
  Path Type:              Hold (Min at Fast Process Corner)
  Requirement:            0.000ns  (clk_fpga_0 rise@0.000ns - clk_fpga_0 rise@0.000ns)
  Data Path Delay:        0.351ns  (logic 0.128ns (36.513%)  route 0.223ns (63.487%))
  Logic Levels:           0  
  Clock Path Skew:        0.349ns (DCD - SCD - CPR)
    Destination Clock Delay (DCD):    1.277ns
    Source Clock Delay      (SCD):    0.893ns
    Clock Pessimism Removal (CPR):    0.035ns

    Location             Delay type                Incr(ns)  Path(ns)    Netlist Resource(s)
  -------------------------------------------------------------------    -------------------
                         (clock clk_fpga_0 rise edge)
                                                      0.000     0.000 r  
    PS7_X0Y0             PS7                          0.000     0.000 r  ofdm_system_i/processing_system7_0/inst/PS7_i/FCLKCLK[0]
                         net (fo=1, routed)           0.310     0.310    ofdm_system_i/processing_system7_0/inst/FCLK_CLK_unbuffered[0]
    BUFGCTRL_X0Y16       BUFG (Prop_bufg_I_O)         0.026     0.336 r  ofdm_system_i/processing_system7_0/inst/buffer_fclk_clk_0.FCLK_CLK_0_BUFG/O
                         net (fo=24609, routed)       0.557     0.893    ofdm_system_i/rst_ps7_0_50M/U0/SEQ/slowest_sync_clk
    SLICE_X37Y99         FDSE                                         r  ofdm_system_i/rst_ps7_0_50M/U0/SEQ/from_sys_reg/C
  -------------------------------------------------------------------    -------------------
    SLICE_X37Y99         FDSE (Prop_fdse_C_Q)         0.128     1.021 r  ofdm_system_i/rst_ps7_0_50M/U0/SEQ/from_sys_reg/Q
                         net (fo=10, routed)          0.223     1.243    ofdm_system_i/rst_ps7_0_50M/U0/SEQ/SEQ_COUNTER/seq_cnt_en
    SLICE_X36Y100        FDRE                                         r  ofdm_system_i/rst_ps7_0_50M/U0/SEQ/SEQ_COUNTER/q_int_reg[1]/CE
  -------------------------------------------------------------------    -------------------

                         (clock clk_fpga_0 rise edge)
                                                      0.000     0.000 r  
    PS7_X0Y0             PS7                          0.000     0.000 r  ofdm_system_i/processing_system7_0/inst/PS7_i/FCLKCLK[0]
                         net (fo=1, routed)           0.337     0.337    ofdm_system_i/processing_system7_0/inst/FCLK_CLK_unbuffered[0]
    BUFGCTRL_X0Y16       BUFG (Prop_bufg_I_O)         0.029     0.366 r  ofdm_system_i/processing_system7_0/inst/buffer_fclk_clk_0.FCLK_CLK_0_BUFG/O
                         net (fo=24609, routed)       0.911     1.277    ofdm_system_i/rst_ps7_0_50M/U0/SEQ/SEQ_COUNTER/slowest_sync_clk
    SLICE_X36Y100        FDRE                                         r  ofdm_system_i/rst_ps7_0_50M/U0/SEQ/SEQ_COUNTER/q_int_reg[1]/C
                         clock pessimism             -0.035     1.242    
    SLICE_X36Y100        FDRE (Hold_fdre_C_CE)       -0.070     1.172    ofdm_system_i/rst_ps7_0_50M/U0/SEQ/SEQ_COUNTER/q_int_reg[1]
  -------------------------------------------------------------------
                         required time                         -1.172    
                         arrival time                           1.243    
  -------------------------------------------------------------------
                         slack                                  0.071    

Slack (MET) :             0.071ns  (arrival time - required time)
  Source:                 ofdm_system_i/rst_ps7_0_50M/U0/SEQ/from_sys_reg/C
                            (rising edge-triggered cell FDSE clocked by clk_fpga_0  {rise@0.000ns fall@10.000ns period=20.000ns})
  Destination:            ofdm_system_i/rst_ps7_0_50M/U0/SEQ/SEQ_COUNTER/q_int_reg[2]/CE
                            (rising edge-triggered cell FDRE clocked by clk_fpga_0  {rise@0.000ns fall@10.000ns period=20.000ns})
  Path Group:             clk_fpga_0
  Path Type:              Hold (Min at Fast Process Corner)
  Requirement:            0.000ns  (clk_fpga_0 rise@0.000ns - clk_fpga_0 rise@0.000ns)
  Data Path Delay:        0.351ns  (logic 0.128ns (36.513%)  route 0.223ns (63.487%))
  Logic Levels:           0  
  Clock Path Skew:        0.349ns (DCD - SCD - CPR)
    Destination Clock Delay (DCD):    1.277ns
    Source Clock Delay      (SCD):    0.893ns
    Clock Pessimism Removal (CPR):    0.035ns

    Location             Delay type                Incr(ns)  Path(ns)    Netlist Resource(s)
  -------------------------------------------------------------------    -------------------
                         (clock clk_fpga_0 rise edge)
                                                      0.000     0.000 r  
    PS7_X0Y0             PS7                          0.000     0.000 r  ofdm_system_i/processing_system7_0/inst/PS7_i/FCLKCLK[0]
                         net (fo=1, routed)           0.310     0.310    ofdm_system_i/processing_system7_0/inst/FCLK_CLK_unbuffered[0]
    BUFGCTRL_X0Y16       BUFG (Prop_bufg_I_O)         0.026     0.336 r  ofdm_system_i/processing_system7_0/inst/buffer_fclk_clk_0.FCLK_CLK_0_BUFG/O
                         net (fo=24609, routed)       0.557     0.893    ofdm_system_i/rst_ps7_0_50M/U0/SEQ/slowest_sync_clk
    SLICE_X37Y99         FDSE                                         r  ofdm_system_i/rst_ps7_0_50M/U0/SEQ/from_sys_reg/C
  -------------------------------------------------------------------    -------------------
    SLICE_X37Y99         FDSE (Prop_fdse_C_Q)         0.128     1.021 r  ofdm_system_i/rst_ps7_0_50M/U0/SEQ/from_sys_reg/Q
                         net (fo=10, routed)          0.223     1.243    ofdm_system_i/rst_ps7_0_50M/U0/SEQ/SEQ_COUNTER/seq_cnt_en
    SLICE_X36Y100        FDRE                                         r  ofdm_system_i/rst_ps7_0_50M/U0/SEQ/SEQ_COUNTER/q_int_reg[2]/CE
  -------------------------------------------------------------------    -------------------

                         (clock clk_fpga_0 rise edge)
                                                      0.000     0.000 r  
    PS7_X0Y0             PS7                          0.000     0.000 r  ofdm_system_i/processing_system7_0/inst/PS7_i/FCLKCLK[0]
                         net (fo=1, routed)           0.337     0.337    ofdm_system_i/processing_system7_0/inst/FCLK_CLK_unbuffered[0]
    BUFGCTRL_X0Y16       BUFG (Prop_bufg_I_O)         0.029     0.366 r  ofdm_system_i/processing_system7_0/inst/buffer_fclk_clk_0.FCLK_CLK_0_BUFG/O
                         net (fo=24609, routed)       0.911     1.277    ofdm_system_i/rst_ps7_0_50M/U0/SEQ/SEQ_COUNTER/slowest_sync_clk
    SLICE_X36Y100        FDRE                                         r  ofdm_system_i/rst_ps7_0_50M/U0/SEQ/SEQ_COUNTER/q_int_reg[2]/C
                         clock pessimism             -0.035     1.242    
    SLICE_X36Y100        FDRE (Hold_fdre_C_CE)       -0.070     1.172    ofdm_system_i/rst_ps7_0_50M/U0/SEQ/SEQ_COUNTER/q_int_reg[2]
  -------------------------------------------------------------------
                         required time                         -1.172    
                         arrival time                           1.243    
  -------------------------------------------------------------------
                         slack                                  0.071    

Slack (MET) :             0.071ns  (arrival time - required time)
  Source:                 ofdm_system_i/rst_ps7_0_50M/U0/SEQ/from_sys_reg/C
                            (rising edge-triggered cell FDSE clocked by clk_fpga_0  {rise@0.000ns fall@10.000ns period=20.000ns})
  Destination:            ofdm_system_i/rst_ps7_0_50M/U0/SEQ/SEQ_COUNTER/q_int_reg[3]/CE
                            (rising edge-triggered cell FDRE clocked by clk_fpga_0  {rise@0.000ns fall@10.000ns period=20.000ns})
  Path Group:             clk_fpga_0
  Path Type:              Hold (Min at Fast Process Corner)
  Requirement:            0.000ns  (clk_fpga_0 rise@0.000ns - clk_fpga_0 rise@0.000ns)
  Data Path Delay:        0.351ns  (logic 0.128ns (36.513%)  route 0.223ns (63.487%))
  Logic Levels:           0  
  Clock Path Skew:        0.349ns (DCD - SCD - CPR)
    Destination Clock Delay (DCD):    1.277ns
    Source Clock Delay      (SCD):    0.893ns
    Clock Pessimism Removal (CPR):    0.035ns

    Location             Delay type                Incr(ns)  Path(ns)    Netlist Resource(s)
  -------------------------------------------------------------------    -------------------
                         (clock clk_fpga_0 rise edge)
                                                      0.000     0.000 r  
    PS7_X0Y0             PS7                          0.000     0.000 r  ofdm_system_i/processing_system7_0/inst/PS7_i/FCLKCLK[0]
                         net (fo=1, routed)           0.310     0.310    ofdm_system_i/processing_system7_0/inst/FCLK_CLK_unbuffered[0]
    BUFGCTRL_X0Y16       BUFG (Prop_bufg_I_O)         0.026     0.336 r  ofdm_system_i/processing_system7_0/inst/buffer_fclk_clk_0.FCLK_CLK_0_BUFG/O
                         net (fo=24609, routed)       0.557     0.893    ofdm_system_i/rst_ps7_0_50M/U0/SEQ/slowest_sync_clk
    SLICE_X37Y99         FDSE                                         r  ofdm_system_i/rst_ps7_0_50M/U0/SEQ/from_sys_reg/C
  -------------------------------------------------------------------    -------------------
    SLICE_X37Y99         FDSE (Prop_fdse_C_Q)         0.128     1.021 r  ofdm_system_i/rst_ps7_0_50M/U0/SEQ/from_sys_reg/Q
                         net (fo=10, routed)          0.223     1.243    ofdm_system_i/rst_ps7_0_50M/U0/SEQ/SEQ_COUNTER/seq_cnt_en
    SLICE_X36Y100        FDRE                                         r  ofdm_system_i/rst_ps7_0_50M/U0/SEQ/SEQ_COUNTER/q_int_reg[3]/CE
  -------------------------------------------------------------------    -------------------

                         (clock clk_fpga_0 rise edge)
                                                      0.000     0.000 r  
    PS7_X0Y0             PS7                          0.000     0.000 r  ofdm_system_i/processing_system7_0/inst/PS7_i/FCLKCLK[0]
                         net (fo=1, routed)           0.337     0.337    ofdm_system_i/processing_system7_0/inst/FCLK_CLK_unbuffered[0]
    BUFGCTRL_X0Y16       BUFG (Prop_bufg_I_O)         0.029     0.366 r  ofdm_system_i/processing_system7_0/inst/buffer_fclk_clk_0.FCLK_CLK_0_BUFG/O
                         net (fo=24609, routed)       0.911     1.277    ofdm_system_i/rst_ps7_0_50M/U0/SEQ/SEQ_COUNTER/slowest_sync_clk
    SLICE_X36Y100        FDRE                                         r  ofdm_system_i/rst_ps7_0_50M/U0/SEQ/SEQ_COUNTER/q_int_reg[3]/C
                         clock pessimism             -0.035     1.242    
    SLICE_X36Y100        FDRE (Hold_fdre_C_CE)       -0.070     1.172    ofdm_system_i/rst_ps7_0_50M/U0/SEQ/SEQ_COUNTER/q_int_reg[3]
  -------------------------------------------------------------------
                         required time                         -1.172    
                         arrival time                           1.243    
  -------------------------------------------------------------------
                         slack                                  0.071    

Slack (MET) :             0.071ns  (arrival time - required time)
  Source:                 ofdm_system_i/rst_ps7_0_50M/U0/SEQ/from_sys_reg/C
                            (rising edge-triggered cell FDSE clocked by clk_fpga_0  {rise@0.000ns fall@10.000ns period=20.000ns})
  Destination:            ofdm_system_i/rst_ps7_0_50M/U0/SEQ/SEQ_COUNTER/q_int_reg[4]/CE
                            (rising edge-triggered cell FDRE clocked by clk_fpga_0  {rise@0.000ns fall@10.000ns period=20.000ns})
  Path Group:             clk_fpga_0
  Path Type:              Hold (Min at Fast Process Corner)
  Requirement:            0.000ns  (clk_fpga_0 rise@0.000ns - clk_fpga_0 rise@0.000ns)
  Data Path Delay:        0.351ns  (logic 0.128ns (36.513%)  route 0.223ns (63.487%))
  Logic Levels:           0  
  Clock Path Skew:        0.349ns (DCD - SCD - CPR)
    Destination Clock Delay (DCD):    1.277ns
    Source Clock Delay      (SCD):    0.893ns
    Clock Pessimism Removal (CPR):    0.035ns

    Location             Delay type                Incr(ns)  Path(ns)    Netlist Resource(s)
  -------------------------------------------------------------------    -------------------
                         (clock clk_fpga_0 rise edge)
                                                      0.000     0.000 r  
    PS7_X0Y0             PS7                          0.000     0.000 r  ofdm_system_i/processing_system7_0/inst/PS7_i/FCLKCLK[0]
                         net (fo=1, routed)           0.310     0.310    ofdm_system_i/processing_system7_0/inst/FCLK_CLK_unbuffered[0]
    BUFGCTRL_X0Y16       BUFG (Prop_bufg_I_O)         0.026     0.336 r  ofdm_system_i/processing_system7_0/inst/buffer_fclk_clk_0.FCLK_CLK_0_BUFG/O
                         net (fo=24609, routed)       0.557     0.893    ofdm_system_i/rst_ps7_0_50M/U0/SEQ/slowest_sync_clk
    SLICE_X37Y99         FDSE                                         r  ofdm_system_i/rst_ps7_0_50M/U0/SEQ/from_sys_reg/C
  -------------------------------------------------------------------    -------------------
    SLICE_X37Y99         FDSE (Prop_fdse_C_Q)         0.128     1.021 r  ofdm_system_i/rst_ps7_0_50M/U0/SEQ/from_sys_reg/Q
                         net (fo=10, routed)          0.223     1.243    ofdm_system_i/rst_ps7_0_50M/U0/SEQ/SEQ_COUNTER/seq_cnt_en
    SLICE_X36Y100        FDRE                                         r  ofdm_system_i/rst_ps7_0_50M/U0/SEQ/SEQ_COUNTER/q_int_reg[4]/CE
  -------------------------------------------------------------------    -------------------

                         (clock clk_fpga_0 rise edge)
                                                      0.000     0.000 r  
    PS7_X0Y0             PS7                          0.000     0.000 r  ofdm_system_i/processing_system7_0/inst/PS7_i/FCLKCLK[0]
                         net (fo=1, routed)           0.337     0.337    ofdm_system_i/processing_system7_0/inst/FCLK_CLK_unbuffered[0]
    BUFGCTRL_X0Y16       BUFG (Prop_bufg_I_O)         0.029     0.366 r  ofdm_system_i/processing_system7_0/inst/buffer_fclk_clk_0.FCLK_CLK_0_BUFG/O
                         net (fo=24609, routed)       0.911     1.277    ofdm_system_i/rst_ps7_0_50M/U0/SEQ/SEQ_COUNTER/slowest_sync_clk
    SLICE_X36Y100        FDRE                                         r  ofdm_system_i/rst_ps7_0_50M/U0/SEQ/SEQ_COUNTER/q_int_reg[4]/C
                         clock pessimism             -0.035     1.242    
    SLICE_X36Y100        FDRE (Hold_fdre_C_CE)       -0.070     1.172    ofdm_system_i/rst_ps7_0_50M/U0/SEQ/SEQ_COUNTER/q_int_reg[4]
  -------------------------------------------------------------------
                         required time                         -1.172    
                         arrival time                           1.243    
  -------------------------------------------------------------------
                         slack                                  0.071    





Pulse Width Checks
--------------------------------------------------------------------------------------
Clock Name:         clk_fpga_0
Waveform(ns):       { 0.000 10.000 }
Period(ns):         20.000
Sources:            { ofdm_system_i/processing_system7_0/inst/PS7_i/FCLKCLK[0] }

Check Type        Corner  Lib Pin      Reference Pin  Required(ns)  Actual(ns)  Slack(ns)  Location        Pin
Min Period        n/a     BUFG/I       n/a            2.155         20.000      17.845     BUFGCTRL_X0Y16  ofdm_system_i/processing_system7_0/inst/buffer_fclk_clk_0.FCLK_CLK_0_BUFG/I
Min Period        n/a     FDSE/C       n/a            1.000         20.000      19.000     SLICE_X31Y86    ofdm_system_i/ofdm_axi_lite_0/inst/core_rst_reg/C
Min Period        n/a     FDRE/C       n/a            1.000         20.000      19.000     SLICE_X28Y87    ofdm_system_i/ofdm_axi_lite_0/inst/done_reg/C
Min Period        n/a     FDRE/C       n/a            1.000         20.000      19.000     SLICE_X27Y87    ofdm_system_i/ofdm_axi_lite_0/inst/qpsk_bits_reg[0]/C
Min Period        n/a     FDRE/C       n/a            1.000         20.000      19.000     SLICE_X30Y79    ofdm_system_i/ofdm_axi_lite_0/inst/qpsk_bits_reg[100]/C
Min Period        n/a     FDRE/C       n/a            1.000         20.000      19.000     SLICE_X37Y88    ofdm_system_i/ofdm_axi_lite_0/inst/qpsk_bits_reg[101]/C
Min Period        n/a     FDRE/C       n/a            1.000         20.000      19.000     SLICE_X35Y94    ofdm_system_i/ofdm_axi_lite_0/inst/qpsk_bits_reg[102]/C
Min Period        n/a     FDRE/C       n/a            1.000         20.000      19.000     SLICE_X35Y95    ofdm_system_i/ofdm_axi_lite_0/inst/qpsk_bits_reg[103]/C
Min Period        n/a     FDRE/C       n/a            1.000         20.000      19.000     SLICE_X36Y79    ofdm_system_i/ofdm_axi_lite_0/inst/qpsk_bits_reg[104]/C
Min Period        n/a     FDRE/C       n/a            1.000         20.000      19.000     SLICE_X37Y88    ofdm_system_i/ofdm_axi_lite_0/inst/qpsk_bits_reg[105]/C
Low Pulse Width   Slow    SRLC32E/CLK  n/a            0.980         10.000      9.020      SLICE_X34Y50    ofdm_system_i/ofdm_axi_lite_0/inst/u_core/u_ifft/u_fft/SU1/DB1/buf_im_reg[30][0]_srl31/CLK
Low Pulse Width   Fast    SRLC32E/CLK  n/a            0.980         10.000      9.020      SLICE_X34Y50    ofdm_system_i/ofdm_axi_lite_0/inst/u_core/u_ifft/u_fft/SU1/DB1/buf_im_reg[30][0]_srl31/CLK
Low Pulse Width   Slow    SRLC32E/CLK  n/a            0.980         10.000      9.020      SLICE_X34Y54    ofdm_system_i/ofdm_axi_lite_0/inst/u_core/u_ifft/u_fft/SU1/DB1/buf_im_reg[30][10]_srl31/CLK
Low Pulse Width   Fast    SRLC32E/CLK  n/a            0.980         10.000      9.020      SLICE_X34Y54    ofdm_system_i/ofdm_axi_lite_0/inst/u_core/u_ifft/u_fft/SU1/DB1/buf_im_reg[30][10]_srl31/CLK
Low Pulse Width   Slow    SRLC32E/CLK  n/a            0.980         10.000      9.020      SLICE_X34Y53    ofdm_system_i/ofdm_axi_lite_0/inst/u_core/u_ifft/u_fft/SU1/DB1/buf_im_reg[30][11]_srl31/CLK
Low Pulse Width   Fast    SRLC32E/CLK  n/a            0.980         10.000      9.020      SLICE_X34Y53    ofdm_system_i/ofdm_axi_lite_0/inst/u_core/u_ifft/u_fft/SU1/DB1/buf_im_reg[30][11]_srl31/CLK
Low Pulse Width   Slow    SRLC32E/CLK  n/a            0.980         10.000      9.020      SLICE_X34Y53    ofdm_system_i/ofdm_axi_lite_0/inst/u_core/u_ifft/u_fft/SU1/DB1/buf_im_reg[30][12]_srl31/CLK
Low Pulse Width   Fast    SRLC32E/CLK  n/a            0.980         10.000      9.020      SLICE_X34Y53    ofdm_system_i/ofdm_axi_lite_0/inst/u_core/u_ifft/u_fft/SU1/DB1/buf_im_reg[30][12]_srl31/CLK
Low Pulse Width   Slow    SRLC32E/CLK  n/a            0.980         10.000      9.020      SLICE_X34Y54    ofdm_system_i/ofdm_axi_lite_0/inst/u_core/u_ifft/u_fft/SU1/DB1/buf_im_reg[30][13]_srl31/CLK
Low Pulse Width   Fast    SRLC32E/CLK  n/a            0.980         10.000      9.020      SLICE_X34Y54    ofdm_system_i/ofdm_axi_lite_0/inst/u_core/u_ifft/u_fft/SU1/DB1/buf_im_reg[30][13]_srl31/CLK
High Pulse Width  Slow    SRLC32E/CLK  n/a            0.980         10.000      9.020      SLICE_X34Y50    ofdm_system_i/ofdm_axi_lite_0/inst/u_core/u_ifft/u_fft/SU1/DB1/buf_im_reg[30][0]_srl31/CLK
High Pulse Width  Fast    SRLC32E/CLK  n/a            0.980         10.000      9.020      SLICE_X34Y50    ofdm_system_i/ofdm_axi_lite_0/inst/u_core/u_ifft/u_fft/SU1/DB1/buf_im_reg[30][0]_srl31/CLK
High Pulse Width  Slow    SRLC32E/CLK  n/a            0.980         10.000      9.020      SLICE_X34Y54    ofdm_system_i/ofdm_axi_lite_0/inst/u_core/u_ifft/u_fft/SU1/DB1/buf_im_reg[30][10]_srl31/CLK
High Pulse Width  Fast    SRLC32E/CLK  n/a            0.980         10.000      9.020      SLICE_X34Y54    ofdm_system_i/ofdm_axi_lite_0/inst/u_core/u_ifft/u_fft/SU1/DB1/buf_im_reg[30][10]_srl31/CLK
High Pulse Width  Slow    SRLC32E/CLK  n/a            0.980         10.000      9.020      SLICE_X34Y53    ofdm_system_i/ofdm_axi_lite_0/inst/u_core/u_ifft/u_fft/SU1/DB1/buf_im_reg[30][11]_srl31/CLK
High Pulse Width  Fast    SRLC32E/CLK  n/a            0.980         10.000      9.020      SLICE_X34Y53    ofdm_system_i/ofdm_axi_lite_0/inst/u_core/u_ifft/u_fft/SU1/DB1/buf_im_reg[30][11]_srl31/CLK
High Pulse Width  Slow    SRLC32E/CLK  n/a            0.980         10.000      9.020      SLICE_X34Y53    ofdm_system_i/ofdm_axi_lite_0/inst/u_core/u_ifft/u_fft/SU1/DB1/buf_im_reg[30][12]_srl31/CLK
High Pulse Width  Fast    SRLC32E/CLK  n/a            0.980         10.000      9.020      SLICE_X34Y53    ofdm_system_i/ofdm_axi_lite_0/inst/u_core/u_ifft/u_fft/SU1/DB1/buf_im_reg[30][12]_srl31/CLK
High Pulse Width  Slow    SRLC32E/CLK  n/a            0.980         10.000      9.020      SLICE_X34Y54    ofdm_system_i/ofdm_axi_lite_0/inst/u_core/u_ifft/u_fft/SU1/DB1/buf_im_reg[30][13]_srl31/CLK
High Pulse Width  Fast    SRLC32E/CLK  n/a            0.980         10.000      9.020      SLICE_X34Y54    ofdm_system_i/ofdm_axi_lite_0/inst/u_core/u_ifft/u_fft/SU1/DB1/buf_im_reg[30][13]_srl31/CLK



---------------------------------------------------------------------------------------------------
Path Group:  **async_default**
From Clock:  clk_fpga_0
  To Clock:  clk_fpga_0

Setup :            0  Failing Endpoints,  Worst Slack       12.295ns,  Total Violation        0.000ns
Hold  :            0  Failing Endpoints,  Worst Slack        0.469ns,  Total Violation        0.000ns
---------------------------------------------------------------------------------------------------


Max Delay Paths
--------------------------------------------------------------------------------------
Slack (MET) :             12.295ns  (required time - arrival time)
  Source:                 ofdm_system_i/ofdm_axi_lite_0/inst/core_rst_reg/C
                            (rising edge-triggered cell FDSE clocked by clk_fpga_0  {rise@0.000ns fall@10.000ns period=20.000ns})
  Destination:            ofdm_system_i/ofdm_axi_lite_0/inst/u_core/u_add_cp/ofdm_symbol_cp_reg[792]/CLR
                            (recovery check against rising-edge clock clk_fpga_0  {rise@0.000ns fall@10.000ns period=20.000ns})
  Path Group:             **async_default**
  Path Type:              Recovery (Max at Slow Process Corner)
  Requirement:            20.000ns  (clk_fpga_0 rise@20.000ns - clk_fpga_0 rise@0.000ns)
  Data Path Delay:        7.178ns  (logic 0.456ns (6.353%)  route 6.722ns (93.647%))
  Logic Levels:           0  
  Clock Path Skew:        0.180ns (DCD - SCD + CPR)
    Destination Clock Delay (DCD):    3.039ns = ( 23.039 - 20.000 ) 
    Source Clock Delay      (SCD):    2.988ns
    Clock Pessimism Removal (CPR):    0.129ns
  Clock Uncertainty:      0.302ns  ((TSJ^2 + TIJ^2)^1/2 + DJ) / 2 + PE
    Total System Jitter     (TSJ):    0.071ns
    Total Input Jitter      (TIJ):    0.600ns
    Discrete Jitter          (DJ):    0.000ns
    Phase Error              (PE):    0.000ns

    Location             Delay type                Incr(ns)  Path(ns)    Netlist Resource(s)
  -------------------------------------------------------------------    -------------------
                         (clock clk_fpga_0 rise edge)
                                                      0.000     0.000 r  
    PS7_X0Y0             PS7                          0.000     0.000 r  ofdm_system_i/processing_system7_0/inst/PS7_i/FCLKCLK[0]
                         net (fo=1, routed)           1.193     1.193    ofdm_system_i/processing_system7_0/inst/FCLK_CLK_unbuffered[0]
    BUFGCTRL_X0Y16       BUFG (Prop_bufg_I_O)         0.101     1.294 r  ofdm_system_i/processing_system7_0/inst/buffer_fclk_clk_0.FCLK_CLK_0_BUFG/O
                         net (fo=24609, routed)       1.694     2.988    ofdm_system_i/ofdm_axi_lite_0/inst/s_axi_aclk
    SLICE_X31Y86         FDSE                                         r  ofdm_system_i/ofdm_axi_lite_0/inst/core_rst_reg/C
  -------------------------------------------------------------------    -------------------
    SLICE_X31Y86         FDSE (Prop_fdse_C_Q)         0.456     3.444 f  ofdm_system_i/ofdm_axi_lite_0/inst/core_rst_reg/Q
                         net (fo=9816, routed)        6.722    10.166    ofdm_system_i/ofdm_axi_lite_0/inst/u_core/u_add_cp/core_rst
    SLICE_X111Y144       FDCE                                         f  ofdm_system_i/ofdm_axi_lite_0/inst/u_core/u_add_cp/ofdm_symbol_cp_reg[792]/CLR
  -------------------------------------------------------------------    -------------------

                         (clock clk_fpga_0 rise edge)
                                                     20.000    20.000 r  
    PS7_X0Y0             PS7                          0.000    20.000 r  ofdm_system_i/processing_system7_0/inst/PS7_i/FCLKCLK[0]
                         net (fo=1, routed)           1.088    21.088    ofdm_system_i/processing_system7_0/inst/FCLK_CLK_unbuffered[0]
    BUFGCTRL_X0Y16       BUFG (Prop_bufg_I_O)         0.091    21.179 r  ofdm_system_i/processing_system7_0/inst/buffer_fclk_clk_0.FCLK_CLK_0_BUFG/O
                         net (fo=24609, routed)       1.860    23.039    ofdm_system_i/ofdm_axi_lite_0/inst/u_core/u_add_cp/s_axi_aclk
    SLICE_X111Y144       FDCE                                         r  ofdm_system_i/ofdm_axi_lite_0/inst/u_core/u_add_cp/ofdm_symbol_cp_reg[792]/C
                         clock pessimism              0.129    23.168    
                         clock uncertainty           -0.302    22.866    
    SLICE_X111Y144       FDCE (Recov_fdce_C_CLR)     -0.405    22.461    ofdm_system_i/ofdm_axi_lite_0/inst/u_core/u_add_cp/ofdm_symbol_cp_reg[792]
  -------------------------------------------------------------------
                         required time                         22.461    
                         arrival time                         -10.166    
  -------------------------------------------------------------------
                         slack                                 12.295    

Slack (MET) :             12.460ns  (required time - arrival time)
  Source:                 ofdm_system_i/ofdm_axi_lite_0/inst/core_rst_reg/C
                            (rising edge-triggered cell FDSE clocked by clk_fpga_0  {rise@0.000ns fall@10.000ns period=20.000ns})
  Destination:            ofdm_system_i/ofdm_axi_lite_0/inst/u_core/u_add_cp/ofdm_symbol_cp_reg[1576]/CLR
                            (recovery check against rising-edge clock clk_fpga_0  {rise@0.000ns fall@10.000ns period=20.000ns})
  Path Group:             **async_default**
  Path Type:              Recovery (Max at Slow Process Corner)
  Requirement:            20.000ns  (clk_fpga_0 rise@20.000ns - clk_fpga_0 rise@0.000ns)
  Data Path Delay:        6.806ns  (logic 0.456ns (6.700%)  route 6.350ns (93.300%))
  Logic Levels:           0  
  Clock Path Skew:        -0.027ns (DCD - SCD + CPR)
    Destination Clock Delay (DCD):    2.832ns = ( 22.832 - 20.000 ) 
    Source Clock Delay      (SCD):    2.988ns
    Clock Pessimism Removal (CPR):    0.129ns
  Clock Uncertainty:      0.302ns  ((TSJ^2 + TIJ^2)^1/2 + DJ) / 2 + PE
    Total System Jitter     (TSJ):    0.071ns
    Total Input Jitter      (TIJ):    0.600ns
    Discrete Jitter          (DJ):    0.000ns
    Phase Error              (PE):    0.000ns

    Location             Delay type                Incr(ns)  Path(ns)    Netlist Resource(s)
  -------------------------------------------------------------------    -------------------
                         (clock clk_fpga_0 rise edge)
                                                      0.000     0.000 r  
    PS7_X0Y0             PS7                          0.000     0.000 r  ofdm_system_i/processing_system7_0/inst/PS7_i/FCLKCLK[0]
                         net (fo=1, routed)           1.193     1.193    ofdm_system_i/processing_system7_0/inst/FCLK_CLK_unbuffered[0]
    BUFGCTRL_X0Y16       BUFG (Prop_bufg_I_O)         0.101     1.294 r  ofdm_system_i/processing_system7_0/inst/buffer_fclk_clk_0.FCLK_CLK_0_BUFG/O
                         net (fo=24609, routed)       1.694     2.988    ofdm_system_i/ofdm_axi_lite_0/inst/s_axi_aclk
    SLICE_X31Y86         FDSE                                         r  ofdm_system_i/ofdm_axi_lite_0/inst/core_rst_reg/C
  -------------------------------------------------------------------    -------------------
    SLICE_X31Y86         FDSE (Prop_fdse_C_Q)         0.456     3.444 f  ofdm_system_i/ofdm_axi_lite_0/inst/core_rst_reg/Q
                         net (fo=9816, routed)        6.350     9.794    ofdm_system_i/ofdm_axi_lite_0/inst/u_core/u_add_cp/core_rst
    SLICE_X40Y144        FDCE                                         f  ofdm_system_i/ofdm_axi_lite_0/inst/u_core/u_add_cp/ofdm_symbol_cp_reg[1576]/CLR
  -------------------------------------------------------------------    -------------------

                         (clock clk_fpga_0 rise edge)
                                                     20.000    20.000 r  
    PS7_X0Y0             PS7                          0.000    20.000 r  ofdm_system_i/processing_system7_0/inst/PS7_i/FCLKCLK[0]
                         net (fo=1, routed)           1.088    21.088    ofdm_system_i/processing_system7_0/inst/FCLK_CLK_unbuffered[0]
    BUFGCTRL_X0Y16       BUFG (Prop_bufg_I_O)         0.091    21.179 r  ofdm_system_i/processing_system7_0/inst/buffer_fclk_clk_0.FCLK_CLK_0_BUFG/O
                         net (fo=24609, routed)       1.653    22.832    ofdm_system_i/ofdm_axi_lite_0/inst/u_core/u_add_cp/s_axi_aclk
    SLICE_X40Y144        FDCE                                         r  ofdm_system_i/ofdm_axi_lite_0/inst/u_core/u_add_cp/ofdm_symbol_cp_reg[1576]/C
                         clock pessimism              0.129    22.961    
                         clock uncertainty           -0.302    22.659    
    SLICE_X40Y144        FDCE (Recov_fdce_C_CLR)     -0.405    22.254    ofdm_system_i/ofdm_axi_lite_0/inst/u_core/u_add_cp/ofdm_symbol_cp_reg[1576]
  -------------------------------------------------------------------
                         required time                         22.254    
                         arrival time                          -9.794    
  -------------------------------------------------------------------
                         slack                                 12.460    

Slack (MET) :             12.460ns  (required time - arrival time)
  Source:                 ofdm_system_i/ofdm_axi_lite_0/inst/core_rst_reg/C
                            (rising edge-triggered cell FDSE clocked by clk_fpga_0  {rise@0.000ns fall@10.000ns period=20.000ns})
  Destination:            ofdm_system_i/ofdm_axi_lite_0/inst/u_core/u_add_cp/ofdm_symbol_cp_reg[1640]/CLR
                            (recovery check against rising-edge clock clk_fpga_0  {rise@0.000ns fall@10.000ns period=20.000ns})
  Path Group:             **async_default**
  Path Type:              Recovery (Max at Slow Process Corner)
  Requirement:            20.000ns  (clk_fpga_0 rise@20.000ns - clk_fpga_0 rise@0.000ns)
  Data Path Delay:        6.806ns  (logic 0.456ns (6.700%)  route 6.350ns (93.300%))
  Logic Levels:           0  
  Clock Path Skew:        -0.027ns (DCD - SCD + CPR)
    Destination Clock Delay (DCD):    2.832ns = ( 22.832 - 20.000 ) 
    Source Clock Delay      (SCD):    2.988ns
    Clock Pessimism Removal (CPR):    0.129ns
  Clock Uncertainty:      0.302ns  ((TSJ^2 + TIJ^2)^1/2 + DJ) / 2 + PE
    Total System Jitter     (TSJ):    0.071ns
    Total Input Jitter      (TIJ):    0.600ns
    Discrete Jitter          (DJ):    0.000ns
    Phase Error              (PE):    0.000ns

    Location             Delay type                Incr(ns)  Path(ns)    Netlist Resource(s)
  -------------------------------------------------------------------    -------------------
                         (clock clk_fpga_0 rise edge)
                                                      0.000     0.000 r  
    PS7_X0Y0             PS7                          0.000     0.000 r  ofdm_system_i/processing_system7_0/inst/PS7_i/FCLKCLK[0]
                         net (fo=1, routed)           1.193     1.193    ofdm_system_i/processing_system7_0/inst/FCLK_CLK_unbuffered[0]
    BUFGCTRL_X0Y16       BUFG (Prop_bufg_I_O)         0.101     1.294 r  ofdm_system_i/processing_system7_0/inst/buffer_fclk_clk_0.FCLK_CLK_0_BUFG/O
                         net (fo=24609, routed)       1.694     2.988    ofdm_system_i/ofdm_axi_lite_0/inst/s_axi_aclk
    SLICE_X31Y86         FDSE                                         r  ofdm_system_i/ofdm_axi_lite_0/inst/core_rst_reg/C
  -------------------------------------------------------------------    -------------------
    SLICE_X31Y86         FDSE (Prop_fdse_C_Q)         0.456     3.444 f  ofdm_system_i/ofdm_axi_lite_0/inst/core_rst_reg/Q
                         net (fo=9816, routed)        6.350     9.794    ofdm_system_i/ofdm_axi_lite_0/inst/u_core/u_add_cp/core_rst
    SLICE_X40Y144        FDCE                                         f  ofdm_system_i/ofdm_axi_lite_0/inst/u_core/u_add_cp/ofdm_symbol_cp_reg[1640]/CLR
  -------------------------------------------------------------------    -------------------

                         (clock clk_fpga_0 rise edge)
                                                     20.000    20.000 r  
    PS7_X0Y0             PS7                          0.000    20.000 r  ofdm_system_i/processing_system7_0/inst/PS7_i/FCLKCLK[0]
                         net (fo=1, routed)           1.088    21.088    ofdm_system_i/processing_system7_0/inst/FCLK_CLK_unbuffered[0]
    BUFGCTRL_X0Y16       BUFG (Prop_bufg_I_O)         0.091    21.179 r  ofdm_system_i/processing_system7_0/inst/buffer_fclk_clk_0.FCLK_CLK_0_BUFG/O
                         net (fo=24609, routed)       1.653    22.832    ofdm_system_i/ofdm_axi_lite_0/inst/u_core/u_add_cp/s_axi_aclk
    SLICE_X40Y144        FDCE                                         r  ofdm_system_i/ofdm_axi_lite_0/inst/u_core/u_add_cp/ofdm_symbol_cp_reg[1640]/C
                         clock pessimism              0.129    22.961    
                         clock uncertainty           -0.302    22.659    
    SLICE_X40Y144        FDCE (Recov_fdce_C_CLR)     -0.405    22.254    ofdm_system_i/ofdm_axi_lite_0/inst/u_core/u_add_cp/ofdm_symbol_cp_reg[1640]
  -------------------------------------------------------------------
                         required time                         22.254    
                         arrival time                          -9.794    
  -------------------------------------------------------------------
                         slack                                 12.460    

Slack (MET) :             12.460ns  (required time - arrival time)
  Source:                 ofdm_system_i/ofdm_axi_lite_0/inst/core_rst_reg/C
                            (rising edge-triggered cell FDSE clocked by clk_fpga_0  {rise@0.000ns fall@10.000ns period=20.000ns})
  Destination:            ofdm_system_i/ofdm_axi_lite_0/inst/u_core/u_add_cp/ofdm_symbol_cp_reg[1768]/CLR
                            (recovery check against rising-edge clock clk_fpga_0  {rise@0.000ns fall@10.000ns period=20.000ns})
  Path Group:             **async_default**
  Path Type:              Recovery (Max at Slow Process Corner)
  Requirement:            20.000ns  (clk_fpga_0 rise@20.000ns - clk_fpga_0 rise@0.000ns)
  Data Path Delay:        6.806ns  (logic 0.456ns (6.700%)  route 6.350ns (93.300%))
  Logic Levels:           0  
  Clock Path Skew:        -0.027ns (DCD - SCD + CPR)
    Destination Clock Delay (DCD):    2.832ns = ( 22.832 - 20.000 ) 
    Source Clock Delay      (SCD):    2.988ns
    Clock Pessimism Removal (CPR):    0.129ns
  Clock Uncertainty:      0.302ns  ((TSJ^2 + TIJ^2)^1/2 + DJ) / 2 + PE
    Total System Jitter     (TSJ):    0.071ns
    Total Input Jitter      (TIJ):    0.600ns
    Discrete Jitter          (DJ):    0.000ns
    Phase Error              (PE):    0.000ns

    Location             Delay type                Incr(ns)  Path(ns)    Netlist Resource(s)
  -------------------------------------------------------------------    -------------------
                         (clock clk_fpga_0 rise edge)
                                                      0.000     0.000 r  
    PS7_X0Y0             PS7                          0.000     0.000 r  ofdm_system_i/processing_system7_0/inst/PS7_i/FCLKCLK[0]
                         net (fo=1, routed)           1.193     1.193    ofdm_system_i/processing_system7_0/inst/FCLK_CLK_unbuffered[0]
    BUFGCTRL_X0Y16       BUFG (Prop_bufg_I_O)         0.101     1.294 r  ofdm_system_i/processing_system7_0/inst/buffer_fclk_clk_0.FCLK_CLK_0_BUFG/O
                         net (fo=24609, routed)       1.694     2.988    ofdm_system_i/ofdm_axi_lite_0/inst/s_axi_aclk
    SLICE_X31Y86         FDSE                                         r  ofdm_system_i/ofdm_axi_lite_0/inst/core_rst_reg/C
  -------------------------------------------------------------------    -------------------
    SLICE_X31Y86         FDSE (Prop_fdse_C_Q)         0.456     3.444 f  ofdm_system_i/ofdm_axi_lite_0/inst/core_rst_reg/Q
                         net (fo=9816, routed)        6.350     9.794    ofdm_system_i/ofdm_axi_lite_0/inst/u_core/u_add_cp/core_rst
    SLICE_X40Y144        FDCE                                         f  ofdm_system_i/ofdm_axi_lite_0/inst/u_core/u_add_cp/ofdm_symbol_cp_reg[1768]/CLR
  -------------------------------------------------------------------    -------------------

                         (clock clk_fpga_0 rise edge)
                                                     20.000    20.000 r  
    PS7_X0Y0             PS7                          0.000    20.000 r  ofdm_system_i/processing_system7_0/inst/PS7_i/FCLKCLK[0]
                         net (fo=1, routed)           1.088    21.088    ofdm_system_i/processing_system7_0/inst/FCLK_CLK_unbuffered[0]
    BUFGCTRL_X0Y16       BUFG (Prop_bufg_I_O)         0.091    21.179 r  ofdm_system_i/processing_system7_0/inst/buffer_fclk_clk_0.FCLK_CLK_0_BUFG/O
                         net (fo=24609, routed)       1.653    22.832    ofdm_system_i/ofdm_axi_lite_0/inst/u_core/u_add_cp/s_axi_aclk
    SLICE_X40Y144        FDCE                                         r  ofdm_system_i/ofdm_axi_lite_0/inst/u_core/u_add_cp/ofdm_symbol_cp_reg[1768]/C
                         clock pessimism              0.129    22.961    
                         clock uncertainty           -0.302    22.659    
    SLICE_X40Y144        FDCE (Recov_fdce_C_CLR)     -0.405    22.254    ofdm_system_i/ofdm_axi_lite_0/inst/u_core/u_add_cp/ofdm_symbol_cp_reg[1768]
  -------------------------------------------------------------------
                         required time                         22.254    
                         arrival time                          -9.794    
  -------------------------------------------------------------------
                         slack                                 12.460    

Slack (MET) :             12.460ns  (required time - arrival time)
  Source:                 ofdm_system_i/ofdm_axi_lite_0/inst/core_rst_reg/C
                            (rising edge-triggered cell FDSE clocked by clk_fpga_0  {rise@0.000ns fall@10.000ns period=20.000ns})
  Destination:            ofdm_system_i/ofdm_axi_lite_0/inst/u_core/u_add_cp/ofdm_symbol_cp_reg[584]/CLR
                            (recovery check against rising-edge clock clk_fpga_0  {rise@0.000ns fall@10.000ns period=20.000ns})
  Path Group:             **async_default**
  Path Type:              Recovery (Max at Slow Process Corner)
  Requirement:            20.000ns  (clk_fpga_0 rise@20.000ns - clk_fpga_0 rise@0.000ns)
  Data Path Delay:        6.806ns  (logic 0.456ns (6.700%)  route 6.350ns (93.300%))
  Logic Levels:           0  
  Clock Path Skew:        -0.027ns (DCD - SCD + CPR)
    Destination Clock Delay (DCD):    2.832ns = ( 22.832 - 20.000 ) 
    Source Clock Delay      (SCD):    2.988ns
    Clock Pessimism Removal (CPR):    0.129ns
  Clock Uncertainty:      0.302ns  ((TSJ^2 + TIJ^2)^1/2 + DJ) / 2 + PE
    Total System Jitter     (TSJ):    0.071ns
    Total Input Jitter      (TIJ):    0.600ns
    Discrete Jitter          (DJ):    0.000ns
    Phase Error              (PE):    0.000ns

    Location             Delay type                Incr(ns)  Path(ns)    Netlist Resource(s)
  -------------------------------------------------------------------    -------------------
                         (clock clk_fpga_0 rise edge)
                                                      0.000     0.000 r  
    PS7_X0Y0             PS7                          0.000     0.000 r  ofdm_system_i/processing_system7_0/inst/PS7_i/FCLKCLK[0]
                         net (fo=1, routed)           1.193     1.193    ofdm_system_i/processing_system7_0/inst/FCLK_CLK_unbuffered[0]
    BUFGCTRL_X0Y16       BUFG (Prop_bufg_I_O)         0.101     1.294 r  ofdm_system_i/processing_system7_0/inst/buffer_fclk_clk_0.FCLK_CLK_0_BUFG/O
                         net (fo=24609, routed)       1.694     2.988    ofdm_system_i/ofdm_axi_lite_0/inst/s_axi_aclk
    SLICE_X31Y86         FDSE                                         r  ofdm_system_i/ofdm_axi_lite_0/inst/core_rst_reg/C
  -------------------------------------------------------------------    -------------------
    SLICE_X31Y86         FDSE (Prop_fdse_C_Q)         0.456     3.444 f  ofdm_system_i/ofdm_axi_lite_0/inst/core_rst_reg/Q
                         net (fo=9816, routed)        6.350     9.794    ofdm_system_i/ofdm_axi_lite_0/inst/u_core/u_add_cp/core_rst
    SLICE_X40Y144        FDCE                                         f  ofdm_system_i/ofdm_axi_lite_0/inst/u_core/u_add_cp/ofdm_symbol_cp_reg[584]/CLR
  -------------------------------------------------------------------    -------------------

                         (clock clk_fpga_0 rise edge)
                                                     20.000    20.000 r  
    PS7_X0Y0             PS7                          0.000    20.000 r  ofdm_system_i/processing_system7_0/inst/PS7_i/FCLKCLK[0]
                         net (fo=1, routed)           1.088    21.088    ofdm_system_i/processing_system7_0/inst/FCLK_CLK_unbuffered[0]
    BUFGCTRL_X0Y16       BUFG (Prop_bufg_I_O)         0.091    21.179 r  ofdm_system_i/processing_system7_0/inst/buffer_fclk_clk_0.FCLK_CLK_0_BUFG/O
                         net (fo=24609, routed)       1.653    22.832    ofdm_system_i/ofdm_axi_lite_0/inst/u_core/u_add_cp/s_axi_aclk
    SLICE_X40Y144        FDCE                                         r  ofdm_system_i/ofdm_axi_lite_0/inst/u_core/u_add_cp/ofdm_symbol_cp_reg[584]/C
                         clock pessimism              0.129    22.961    
                         clock uncertainty           -0.302    22.659    
    SLICE_X40Y144        FDCE (Recov_fdce_C_CLR)     -0.405    22.254    ofdm_system_i/ofdm_axi_lite_0/inst/u_core/u_add_cp/ofdm_symbol_cp_reg[584]
  -------------------------------------------------------------------
                         required time                         22.254    
                         arrival time                          -9.794    
  -------------------------------------------------------------------
                         slack                                 12.460    

Slack (MET) :             12.522ns  (required time - arrival time)
  Source:                 ofdm_system_i/ofdm_axi_lite_0/inst/core_rst_reg/C
                            (rising edge-triggered cell FDSE clocked by clk_fpga_0  {rise@0.000ns fall@10.000ns period=20.000ns})
  Destination:            ofdm_system_i/ofdm_axi_lite_0/inst/u_core/u_add_cp/ofdm_symbol_cp_reg[1886]/CLR
                            (recovery check against rising-edge clock clk_fpga_0  {rise@0.000ns fall@10.000ns period=20.000ns})
  Path Group:             **async_default**
  Path Type:              Recovery (Max at Slow Process Corner)
  Requirement:            20.000ns  (clk_fpga_0 rise@20.000ns - clk_fpga_0 rise@0.000ns)
  Data Path Delay:        6.763ns  (logic 0.456ns (6.743%)  route 6.307ns (93.257%))
  Logic Levels:           0  
  Clock Path Skew:        -0.008ns (DCD - SCD + CPR)
    Destination Clock Delay (DCD):    2.851ns = ( 22.851 - 20.000 ) 
    Source Clock Delay      (SCD):    2.988ns
    Clock Pessimism Removal (CPR):    0.129ns
  Clock Uncertainty:      0.302ns  ((TSJ^2 + TIJ^2)^1/2 + DJ) / 2 + PE
    Total System Jitter     (TSJ):    0.071ns
    Total Input Jitter      (TIJ):    0.600ns
    Discrete Jitter          (DJ):    0.000ns
    Phase Error              (PE):    0.000ns

    Location             Delay type                Incr(ns)  Path(ns)    Netlist Resource(s)
  -------------------------------------------------------------------    -------------------
                         (clock clk_fpga_0 rise edge)
                                                      0.000     0.000 r  
    PS7_X0Y0             PS7                          0.000     0.000 r  ofdm_system_i/processing_system7_0/inst/PS7_i/FCLKCLK[0]
                         net (fo=1, routed)           1.193     1.193    ofdm_system_i/processing_system7_0/inst/FCLK_CLK_unbuffered[0]
    BUFGCTRL_X0Y16       BUFG (Prop_bufg_I_O)         0.101     1.294 r  ofdm_system_i/processing_system7_0/inst/buffer_fclk_clk_0.FCLK_CLK_0_BUFG/O
                         net (fo=24609, routed)       1.694     2.988    ofdm_system_i/ofdm_axi_lite_0/inst/s_axi_aclk
    SLICE_X31Y86         FDSE                                         r  ofdm_system_i/ofdm_axi_lite_0/inst/core_rst_reg/C
  -------------------------------------------------------------------    -------------------
    SLICE_X31Y86         FDSE (Prop_fdse_C_Q)         0.456     3.444 f  ofdm_system_i/ofdm_axi_lite_0/inst/core_rst_reg/Q
                         net (fo=9816, routed)        6.307     9.751    ofdm_system_i/ofdm_axi_lite_0/inst/u_core/u_add_cp/core_rst
    SLICE_X107Y80        FDCE                                         f  ofdm_system_i/ofdm_axi_lite_0/inst/u_core/u_add_cp/ofdm_symbol_cp_reg[1886]/CLR
  -------------------------------------------------------------------    -------------------

                         (clock clk_fpga_0 rise edge)
                                                     20.000    20.000 r  
    PS7_X0Y0             PS7                          0.000    20.000 r  ofdm_system_i/processing_system7_0/inst/PS7_i/FCLKCLK[0]
                         net (fo=1, routed)           1.088    21.088    ofdm_system_i/processing_system7_0/inst/FCLK_CLK_unbuffered[0]
    BUFGCTRL_X0Y16       BUFG (Prop_bufg_I_O)         0.091    21.179 r  ofdm_system_i/processing_system7_0/inst/buffer_fclk_clk_0.FCLK_CLK_0_BUFG/O
                         net (fo=24609, routed)       1.672    22.851    ofdm_system_i/ofdm_axi_lite_0/inst/u_core/u_add_cp/s_axi_aclk
    SLICE_X107Y80        FDCE                                         r  ofdm_system_i/ofdm_axi_lite_0/inst/u_core/u_add_cp/ofdm_symbol_cp_reg[1886]/C
                         clock pessimism              0.129    22.980    
                         clock uncertainty           -0.302    22.678    
    SLICE_X107Y80        FDCE (Recov_fdce_C_CLR)     -0.405    22.273    ofdm_system_i/ofdm_axi_lite_0/inst/u_core/u_add_cp/ofdm_symbol_cp_reg[1886]
  -------------------------------------------------------------------
                         required time                         22.273    
                         arrival time                          -9.751    
  -------------------------------------------------------------------
                         slack                                 12.522    

Slack (MET) :             12.522ns  (required time - arrival time)
  Source:                 ofdm_system_i/ofdm_axi_lite_0/inst/core_rst_reg/C
                            (rising edge-triggered cell FDSE clocked by clk_fpga_0  {rise@0.000ns fall@10.000ns period=20.000ns})
  Destination:            ofdm_system_i/ofdm_axi_lite_0/inst/u_core/u_add_cp/ofdm_symbol_cp_reg[734]/CLR
                            (recovery check against rising-edge clock clk_fpga_0  {rise@0.000ns fall@10.000ns period=20.000ns})
  Path Group:             **async_default**
  Path Type:              Recovery (Max at Slow Process Corner)
  Requirement:            20.000ns  (clk_fpga_0 rise@20.000ns - clk_fpga_0 rise@0.000ns)
  Data Path Delay:        6.763ns  (logic 0.456ns (6.743%)  route 6.307ns (93.257%))
  Logic Levels:           0  
  Clock Path Skew:        -0.008ns (DCD - SCD + CPR)
    Destination Clock Delay (DCD):    2.851ns = ( 22.851 - 20.000 ) 
    Source Clock Delay      (SCD):    2.988ns
    Clock Pessimism Removal (CPR):    0.129ns
  Clock Uncertainty:      0.302ns  ((TSJ^2 + TIJ^2)^1/2 + DJ) / 2 + PE
    Total System Jitter     (TSJ):    0.071ns
    Total Input Jitter      (TIJ):    0.600ns
    Discrete Jitter          (DJ):    0.000ns
    Phase Error              (PE):    0.000ns

    Location             Delay type                Incr(ns)  Path(ns)    Netlist Resource(s)
  -------------------------------------------------------------------    -------------------
                         (clock clk_fpga_0 rise edge)
                                                      0.000     0.000 r  
    PS7_X0Y0             PS7                          0.000     0.000 r  ofdm_system_i/processing_system7_0/inst/PS7_i/FCLKCLK[0]
                         net (fo=1, routed)           1.193     1.193    ofdm_system_i/processing_system7_0/inst/FCLK_CLK_unbuffered[0]
    BUFGCTRL_X0Y16       BUFG (Prop_bufg_I_O)         0.101     1.294 r  ofdm_system_i/processing_system7_0/inst/buffer_fclk_clk_0.FCLK_CLK_0_BUFG/O
                         net (fo=24609, routed)       1.694     2.988    ofdm_system_i/ofdm_axi_lite_0/inst/s_axi_aclk
    SLICE_X31Y86         FDSE                                         r  ofdm_system_i/ofdm_axi_lite_0/inst/core_rst_reg/C
  -------------------------------------------------------------------    -------------------
    SLICE_X31Y86         FDSE (Prop_fdse_C_Q)         0.456     3.444 f  ofdm_system_i/ofdm_axi_lite_0/inst/core_rst_reg/Q
                         net (fo=9816, routed)        6.307     9.751    ofdm_system_i/ofdm_axi_lite_0/inst/u_core/u_add_cp/core_rst
    SLICE_X107Y80        FDCE                                         f  ofdm_system_i/ofdm_axi_lite_0/inst/u_core/u_add_cp/ofdm_symbol_cp_reg[734]/CLR
  -------------------------------------------------------------------    -------------------

                         (clock clk_fpga_0 rise edge)
                                                     20.000    20.000 r  
    PS7_X0Y0             PS7                          0.000    20.000 r  ofdm_system_i/processing_system7_0/inst/PS7_i/FCLKCLK[0]
                         net (fo=1, routed)           1.088    21.088    ofdm_system_i/processing_system7_0/inst/FCLK_CLK_unbuffered[0]
    BUFGCTRL_X0Y16       BUFG (Prop_bufg_I_O)         0.091    21.179 r  ofdm_system_i/processing_system7_0/inst/buffer_fclk_clk_0.FCLK_CLK_0_BUFG/O
                         net (fo=24609, routed)       1.672    22.851    ofdm_system_i/ofdm_axi_lite_0/inst/u_core/u_add_cp/s_axi_aclk
    SLICE_X107Y80        FDCE                                         r  ofdm_system_i/ofdm_axi_lite_0/inst/u_core/u_add_cp/ofdm_symbol_cp_reg[734]/C
                         clock pessimism              0.129    22.980    
                         clock uncertainty           -0.302    22.678    
    SLICE_X107Y80        FDCE (Recov_fdce_C_CLR)     -0.405    22.273    ofdm_system_i/ofdm_axi_lite_0/inst/u_core/u_add_cp/ofdm_symbol_cp_reg[734]
  -------------------------------------------------------------------
                         required time                         22.273    
                         arrival time                          -9.751    
  -------------------------------------------------------------------
                         slack                                 12.522    

Slack (MET) :             12.522ns  (required time - arrival time)
  Source:                 ofdm_system_i/ofdm_axi_lite_0/inst/core_rst_reg/C
                            (rising edge-triggered cell FDSE clocked by clk_fpga_0  {rise@0.000ns fall@10.000ns period=20.000ns})
  Destination:            ofdm_system_i/ofdm_axi_lite_0/inst/u_core/u_add_cp/ofdm_symbol_cp_reg[862]/CLR
                            (recovery check against rising-edge clock clk_fpga_0  {rise@0.000ns fall@10.000ns period=20.000ns})
  Path Group:             **async_default**
  Path Type:              Recovery (Max at Slow Process Corner)
  Requirement:            20.000ns  (clk_fpga_0 rise@20.000ns - clk_fpga_0 rise@0.000ns)
  Data Path Delay:        6.763ns  (logic 0.456ns (6.743%)  route 6.307ns (93.257%))
  Logic Levels:           0  
  Clock Path Skew:        -0.008ns (DCD - SCD + CPR)
    Destination Clock Delay (DCD):    2.851ns = ( 22.851 - 20.000 ) 
    Source Clock Delay      (SCD):    2.988ns
    Clock Pessimism Removal (CPR):    0.129ns
  Clock Uncertainty:      0.302ns  ((TSJ^2 + TIJ^2)^1/2 + DJ) / 2 + PE
    Total System Jitter     (TSJ):    0.071ns
    Total Input Jitter      (TIJ):    0.600ns
    Discrete Jitter          (DJ):    0.000ns
    Phase Error              (PE):    0.000ns

    Location             Delay type                Incr(ns)  Path(ns)    Netlist Resource(s)
  -------------------------------------------------------------------    -------------------
                         (clock clk_fpga_0 rise edge)
                                                      0.000     0.000 r  
    PS7_X0Y0             PS7                          0.000     0.000 r  ofdm_system_i/processing_system7_0/inst/PS7_i/FCLKCLK[0]
                         net (fo=1, routed)           1.193     1.193    ofdm_system_i/processing_system7_0/inst/FCLK_CLK_unbuffered[0]
    BUFGCTRL_X0Y16       BUFG (Prop_bufg_I_O)         0.101     1.294 r  ofdm_system_i/processing_system7_0/inst/buffer_fclk_clk_0.FCLK_CLK_0_BUFG/O
                         net (fo=24609, routed)       1.694     2.988    ofdm_system_i/ofdm_axi_lite_0/inst/s_axi_aclk
    SLICE_X31Y86         FDSE                                         r  ofdm_system_i/ofdm_axi_lite_0/inst/core_rst_reg/C
  -------------------------------------------------------------------    -------------------
    SLICE_X31Y86         FDSE (Prop_fdse_C_Q)         0.456     3.444 f  ofdm_system_i/ofdm_axi_lite_0/inst/core_rst_reg/Q
                         net (fo=9816, routed)        6.307     9.751    ofdm_system_i/ofdm_axi_lite_0/inst/u_core/u_add_cp/core_rst
    SLICE_X107Y80        FDCE                                         f  ofdm_system_i/ofdm_axi_lite_0/inst/u_core/u_add_cp/ofdm_symbol_cp_reg[862]/CLR
  -------------------------------------------------------------------    -------------------

                         (clock clk_fpga_0 rise edge)
                                                     20.000    20.000 r  
    PS7_X0Y0             PS7                          0.000    20.000 r  ofdm_system_i/processing_system7_0/inst/PS7_i/FCLKCLK[0]
                         net (fo=1, routed)           1.088    21.088    ofdm_system_i/processing_system7_0/inst/FCLK_CLK_unbuffered[0]
    BUFGCTRL_X0Y16       BUFG (Prop_bufg_I_O)         0.091    21.179 r  ofdm_system_i/processing_system7_0/inst/buffer_fclk_clk_0.FCLK_CLK_0_BUFG/O
                         net (fo=24609, routed)       1.672    22.851    ofdm_system_i/ofdm_axi_lite_0/inst/u_core/u_add_cp/s_axi_aclk
    SLICE_X107Y80        FDCE                                         r  ofdm_system_i/ofdm_axi_lite_0/inst/u_core/u_add_cp/ofdm_symbol_cp_reg[862]/C
                         clock pessimism              0.129    22.980    
                         clock uncertainty           -0.302    22.678    
    SLICE_X107Y80        FDCE (Recov_fdce_C_CLR)     -0.405    22.273    ofdm_system_i/ofdm_axi_lite_0/inst/u_core/u_add_cp/ofdm_symbol_cp_reg[862]
  -------------------------------------------------------------------
                         required time                         22.273    
                         arrival time                          -9.751    
  -------------------------------------------------------------------
                         slack                                 12.522    

Slack (MET) :             12.522ns  (required time - arrival time)
  Source:                 ofdm_system_i/ofdm_axi_lite_0/inst/core_rst_reg/C
                            (rising edge-triggered cell FDSE clocked by clk_fpga_0  {rise@0.000ns fall@10.000ns period=20.000ns})
  Destination:            ofdm_system_i/ofdm_axi_lite_0/inst/u_core/u_add_cp/ofdm_symbol_cp_reg[958]/CLR
                            (recovery check against rising-edge clock clk_fpga_0  {rise@0.000ns fall@10.000ns period=20.000ns})
  Path Group:             **async_default**
  Path Type:              Recovery (Max at Slow Process Corner)
  Requirement:            20.000ns  (clk_fpga_0 rise@20.000ns - clk_fpga_0 rise@0.000ns)
  Data Path Delay:        6.763ns  (logic 0.456ns (6.743%)  route 6.307ns (93.257%))
  Logic Levels:           0  
  Clock Path Skew:        -0.008ns (DCD - SCD + CPR)
    Destination Clock Delay (DCD):    2.851ns = ( 22.851 - 20.000 ) 
    Source Clock Delay      (SCD):    2.988ns
    Clock Pessimism Removal (CPR):    0.129ns
  Clock Uncertainty:      0.302ns  ((TSJ^2 + TIJ^2)^1/2 + DJ) / 2 + PE
    Total System Jitter     (TSJ):    0.071ns
    Total Input Jitter      (TIJ):    0.600ns
    Discrete Jitter          (DJ):    0.000ns
    Phase Error              (PE):    0.000ns

    Location             Delay type                Incr(ns)  Path(ns)    Netlist Resource(s)
  -------------------------------------------------------------------    -------------------
                         (clock clk_fpga_0 rise edge)
                                                      0.000     0.000 r  
    PS7_X0Y0             PS7                          0.000     0.000 r  ofdm_system_i/processing_system7_0/inst/PS7_i/FCLKCLK[0]
                         net (fo=1, routed)           1.193     1.193    ofdm_system_i/processing_system7_0/inst/FCLK_CLK_unbuffered[0]
    BUFGCTRL_X0Y16       BUFG (Prop_bufg_I_O)         0.101     1.294 r  ofdm_system_i/processing_system7_0/inst/buffer_fclk_clk_0.FCLK_CLK_0_BUFG/O
                         net (fo=24609, routed)       1.694     2.988    ofdm_system_i/ofdm_axi_lite_0/inst/s_axi_aclk
    SLICE_X31Y86         FDSE                                         r  ofdm_system_i/ofdm_axi_lite_0/inst/core_rst_reg/C
  -------------------------------------------------------------------    -------------------
    SLICE_X31Y86         FDSE (Prop_fdse_C_Q)         0.456     3.444 f  ofdm_system_i/ofdm_axi_lite_0/inst/core_rst_reg/Q
                         net (fo=9816, routed)        6.307     9.751    ofdm_system_i/ofdm_axi_lite_0/inst/u_core/u_add_cp/core_rst
    SLICE_X107Y80        FDCE                                         f  ofdm_system_i/ofdm_axi_lite_0/inst/u_core/u_add_cp/ofdm_symbol_cp_reg[958]/CLR
  -------------------------------------------------------------------    -------------------

                         (clock clk_fpga_0 rise edge)
                                                     20.000    20.000 r  
    PS7_X0Y0             PS7                          0.000    20.000 r  ofdm_system_i/processing_system7_0/inst/PS7_i/FCLKCLK[0]
                         net (fo=1, routed)           1.088    21.088    ofdm_system_i/processing_system7_0/inst/FCLK_CLK_unbuffered[0]
    BUFGCTRL_X0Y16       BUFG (Prop_bufg_I_O)         0.091    21.179 r  ofdm_system_i/processing_system7_0/inst/buffer_fclk_clk_0.FCLK_CLK_0_BUFG/O
                         net (fo=24609, routed)       1.672    22.851    ofdm_system_i/ofdm_axi_lite_0/inst/u_core/u_add_cp/s_axi_aclk
    SLICE_X107Y80        FDCE                                         r  ofdm_system_i/ofdm_axi_lite_0/inst/u_core/u_add_cp/ofdm_symbol_cp_reg[958]/C
                         clock pessimism              0.129    22.980    
                         clock uncertainty           -0.302    22.678    
    SLICE_X107Y80        FDCE (Recov_fdce_C_CLR)     -0.405    22.273    ofdm_system_i/ofdm_axi_lite_0/inst/u_core/u_add_cp/ofdm_symbol_cp_reg[958]
  -------------------------------------------------------------------
                         required time                         22.273    
                         arrival time                          -9.751    
  -------------------------------------------------------------------
                         slack                                 12.522    

Slack (MET) :             12.522ns  (required time - arrival time)
  Source:                 ofdm_system_i/ofdm_axi_lite_0/inst/core_rst_reg/C
                            (rising edge-triggered cell FDSE clocked by clk_fpga_0  {rise@0.000ns fall@10.000ns period=20.000ns})
  Destination:            ofdm_system_i/ofdm_axi_lite_0/inst/u_core/u_add_cp/ofdm_symbol_cp_reg[990]/CLR
                            (recovery check against rising-edge clock clk_fpga_0  {rise@0.000ns fall@10.000ns period=20.000ns})
  Path Group:             **async_default**
  Path Type:              Recovery (Max at Slow Process Corner)
  Requirement:            20.000ns  (clk_fpga_0 rise@20.000ns - clk_fpga_0 rise@0.000ns)
  Data Path Delay:        6.763ns  (logic 0.456ns (6.743%)  route 6.307ns (93.257%))
  Logic Levels:           0  
  Clock Path Skew:        -0.008ns (DCD - SCD + CPR)
    Destination Clock Delay (DCD):    2.851ns = ( 22.851 - 20.000 ) 
    Source Clock Delay      (SCD):    2.988ns
    Clock Pessimism Removal (CPR):    0.129ns
  Clock Uncertainty:      0.302ns  ((TSJ^2 + TIJ^2)^1/2 + DJ) / 2 + PE
    Total System Jitter     (TSJ):    0.071ns
    Total Input Jitter      (TIJ):    0.600ns
    Discrete Jitter          (DJ):    0.000ns
    Phase Error              (PE):    0.000ns

    Location             Delay type                Incr(ns)  Path(ns)    Netlist Resource(s)
  -------------------------------------------------------------------    -------------------
                         (clock clk_fpga_0 rise edge)
                                                      0.000     0.000 r  
    PS7_X0Y0             PS7                          0.000     0.000 r  ofdm_system_i/processing_system7_0/inst/PS7_i/FCLKCLK[0]
                         net (fo=1, routed)           1.193     1.193    ofdm_system_i/processing_system7_0/inst/FCLK_CLK_unbuffered[0]
    BUFGCTRL_X0Y16       BUFG (Prop_bufg_I_O)         0.101     1.294 r  ofdm_system_i/processing_system7_0/inst/buffer_fclk_clk_0.FCLK_CLK_0_BUFG/O
                         net (fo=24609, routed)       1.694     2.988    ofdm_system_i/ofdm_axi_lite_0/inst/s_axi_aclk
    SLICE_X31Y86         FDSE                                         r  ofdm_system_i/ofdm_axi_lite_0/inst/core_rst_reg/C
  -------------------------------------------------------------------    -------------------
    SLICE_X31Y86         FDSE (Prop_fdse_C_Q)         0.456     3.444 f  ofdm_system_i/ofdm_axi_lite_0/inst/core_rst_reg/Q
                         net (fo=9816, routed)        6.307     9.751    ofdm_system_i/ofdm_axi_lite_0/inst/u_core/u_add_cp/core_rst
    SLICE_X107Y80        FDCE                                         f  ofdm_system_i/ofdm_axi_lite_0/inst/u_core/u_add_cp/ofdm_symbol_cp_reg[990]/CLR
  -------------------------------------------------------------------    -------------------

                         (clock clk_fpga_0 rise edge)
                                                     20.000    20.000 r  
    PS7_X0Y0             PS7                          0.000    20.000 r  ofdm_system_i/processing_system7_0/inst/PS7_i/FCLKCLK[0]
                         net (fo=1, routed)           1.088    21.088    ofdm_system_i/processing_system7_0/inst/FCLK_CLK_unbuffered[0]
    BUFGCTRL_X0Y16       BUFG (Prop_bufg_I_O)         0.091    21.179 r  ofdm_system_i/processing_system7_0/inst/buffer_fclk_clk_0.FCLK_CLK_0_BUFG/O
                         net (fo=24609, routed)       1.672    22.851    ofdm_system_i/ofdm_axi_lite_0/inst/u_core/u_add_cp/s_axi_aclk
    SLICE_X107Y80        FDCE                                         r  ofdm_system_i/ofdm_axi_lite_0/inst/u_core/u_add_cp/ofdm_symbol_cp_reg[990]/C
                         clock pessimism              0.129    22.980    
                         clock uncertainty           -0.302    22.678    
    SLICE_X107Y80        FDCE (Recov_fdce_C_CLR)     -0.405    22.273    ofdm_system_i/ofdm_axi_lite_0/inst/u_core/u_add_cp/ofdm_symbol_cp_reg[990]
  -------------------------------------------------------------------
                         required time                         22.273    
                         arrival time                          -9.751    
  -------------------------------------------------------------------
                         slack                                 12.522    





Min Delay Paths
--------------------------------------------------------------------------------------
Slack (MET) :             0.469ns  (arrival time - required time)
  Source:                 ofdm_system_i/ofdm_axi_lite_0/inst/core_rst_reg/C
                            (rising edge-triggered cell FDSE clocked by clk_fpga_0  {rise@0.000ns fall@10.000ns period=20.000ns})
  Destination:            ofdm_system_i/ofdm_axi_lite_0/inst/u_core/u_map/subcarriers_reg[815]/CLR
                            (removal check against rising-edge clock clk_fpga_0  {rise@0.000ns fall@10.000ns period=20.000ns})
  Path Group:             **async_default**
  Path Type:              Removal (Min at Fast Process Corner)
  Requirement:            0.000ns  (clk_fpga_0 rise@0.000ns - clk_fpga_0 rise@0.000ns)
  Data Path Delay:        0.416ns  (logic 0.141ns (33.907%)  route 0.275ns (66.093%))
  Logic Levels:           0  
  Clock Path Skew:        0.014ns (DCD - SCD - CPR)
    Destination Clock Delay (DCD):    1.204ns
    Source Clock Delay      (SCD):    0.908ns
    Clock Pessimism Removal (CPR):    0.282ns

    Location             Delay type                Incr(ns)  Path(ns)    Netlist Resource(s)
  -------------------------------------------------------------------    -------------------
                         (clock clk_fpga_0 rise edge)
                                                      0.000     0.000 r  
    PS7_X0Y0             PS7                          0.000     0.000 r  ofdm_system_i/processing_system7_0/inst/PS7_i/FCLKCLK[0]
                         net (fo=1, routed)           0.310     0.310    ofdm_system_i/processing_system7_0/inst/FCLK_CLK_unbuffered[0]
    BUFGCTRL_X0Y16       BUFG (Prop_bufg_I_O)         0.026     0.336 r  ofdm_system_i/processing_system7_0/inst/buffer_fclk_clk_0.FCLK_CLK_0_BUFG/O
                         net (fo=24609, routed)       0.572     0.908    ofdm_system_i/ofdm_axi_lite_0/inst/s_axi_aclk
    SLICE_X31Y86         FDSE                                         r  ofdm_system_i/ofdm_axi_lite_0/inst/core_rst_reg/C
  -------------------------------------------------------------------    -------------------
    SLICE_X31Y86         FDSE (Prop_fdse_C_Q)         0.141     1.049 f  ofdm_system_i/ofdm_axi_lite_0/inst/core_rst_reg/Q
                         net (fo=9816, routed)        0.275     1.323    ofdm_system_i/ofdm_axi_lite_0/inst/u_core/u_map/core_rst
    SLICE_X30Y84         FDCE                                         f  ofdm_system_i/ofdm_axi_lite_0/inst/u_core/u_map/subcarriers_reg[815]/CLR
  -------------------------------------------------------------------    -------------------

                         (clock clk_fpga_0 rise edge)
                                                      0.000     0.000 r  
    PS7_X0Y0             PS7                          0.000     0.000 r  ofdm_system_i/processing_system7_0/inst/PS7_i/FCLKCLK[0]
                         net (fo=1, routed)           0.337     0.337    ofdm_system_i/processing_system7_0/inst/FCLK_CLK_unbuffered[0]
    BUFGCTRL_X0Y16       BUFG (Prop_bufg_I_O)         0.029     0.366 r  ofdm_system_i/processing_system7_0/inst/buffer_fclk_clk_0.FCLK_CLK_0_BUFG/O
                         net (fo=24609, routed)       0.838     1.204    ofdm_system_i/ofdm_axi_lite_0/inst/u_core/u_map/s_axi_aclk
    SLICE_X30Y84         FDCE                                         r  ofdm_system_i/ofdm_axi_lite_0/inst/u_core/u_map/subcarriers_reg[815]/C
                         clock pessimism             -0.282     0.922    
    SLICE_X30Y84         FDCE (Remov_fdce_C_CLR)     -0.067     0.855    ofdm_system_i/ofdm_axi_lite_0/inst/u_core/u_map/subcarriers_reg[815]
  -------------------------------------------------------------------
                         required time                         -0.855    
                         arrival time                           1.323    
  -------------------------------------------------------------------
                         slack                                  0.469    

Slack (MET) :             0.469ns  (arrival time - required time)
  Source:                 ofdm_system_i/ofdm_axi_lite_0/inst/core_rst_reg/C
                            (rising edge-triggered cell FDSE clocked by clk_fpga_0  {rise@0.000ns fall@10.000ns period=20.000ns})
  Destination:            ofdm_system_i/ofdm_axi_lite_0/inst/u_core/u_map/subcarriers_reg[831]/CLR
                            (removal check against rising-edge clock clk_fpga_0  {rise@0.000ns fall@10.000ns period=20.000ns})
  Path Group:             **async_default**
  Path Type:              Removal (Min at Fast Process Corner)
  Requirement:            0.000ns  (clk_fpga_0 rise@0.000ns - clk_fpga_0 rise@0.000ns)
  Data Path Delay:        0.416ns  (logic 0.141ns (33.907%)  route 0.275ns (66.093%))
  Logic Levels:           0  
  Clock Path Skew:        0.014ns (DCD - SCD - CPR)
    Destination Clock Delay (DCD):    1.204ns
    Source Clock Delay      (SCD):    0.908ns
    Clock Pessimism Removal (CPR):    0.282ns

    Location             Delay type                Incr(ns)  Path(ns)    Netlist Resource(s)
  -------------------------------------------------------------------    -------------------
                         (clock clk_fpga_0 rise edge)
                                                      0.000     0.000 r  
    PS7_X0Y0             PS7                          0.000     0.000 r  ofdm_system_i/processing_system7_0/inst/PS7_i/FCLKCLK[0]
                         net (fo=1, routed)           0.310     0.310    ofdm_system_i/processing_system7_0/inst/FCLK_CLK_unbuffered[0]
    BUFGCTRL_X0Y16       BUFG (Prop_bufg_I_O)         0.026     0.336 r  ofdm_system_i/processing_system7_0/inst/buffer_fclk_clk_0.FCLK_CLK_0_BUFG/O
                         net (fo=24609, routed)       0.572     0.908    ofdm_system_i/ofdm_axi_lite_0/inst/s_axi_aclk
    SLICE_X31Y86         FDSE                                         r  ofdm_system_i/ofdm_axi_lite_0/inst/core_rst_reg/C
  -------------------------------------------------------------------    -------------------
    SLICE_X31Y86         FDSE (Prop_fdse_C_Q)         0.141     1.049 f  ofdm_system_i/ofdm_axi_lite_0/inst/core_rst_reg/Q
                         net (fo=9816, routed)        0.275     1.323    ofdm_system_i/ofdm_axi_lite_0/inst/u_core/u_map/core_rst
    SLICE_X30Y84         FDCE                                         f  ofdm_system_i/ofdm_axi_lite_0/inst/u_core/u_map/subcarriers_reg[831]/CLR
  -------------------------------------------------------------------    -------------------

                         (clock clk_fpga_0 rise edge)
                                                      0.000     0.000 r  
    PS7_X0Y0             PS7                          0.000     0.000 r  ofdm_system_i/processing_system7_0/inst/PS7_i/FCLKCLK[0]
                         net (fo=1, routed)           0.337     0.337    ofdm_system_i/processing_system7_0/inst/FCLK_CLK_unbuffered[0]
    BUFGCTRL_X0Y16       BUFG (Prop_bufg_I_O)         0.029     0.366 r  ofdm_system_i/processing_system7_0/inst/buffer_fclk_clk_0.FCLK_CLK_0_BUFG/O
                         net (fo=24609, routed)       0.838     1.204    ofdm_system_i/ofdm_axi_lite_0/inst/u_core/u_map/s_axi_aclk
    SLICE_X30Y84         FDCE                                         r  ofdm_system_i/ofdm_axi_lite_0/inst/u_core/u_map/subcarriers_reg[831]/C
                         clock pessimism             -0.282     0.922    
    SLICE_X30Y84         FDCE (Remov_fdce_C_CLR)     -0.067     0.855    ofdm_system_i/ofdm_axi_lite_0/inst/u_core/u_map/subcarriers_reg[831]
  -------------------------------------------------------------------
                         required time                         -0.855    
                         arrival time                           1.323    
  -------------------------------------------------------------------
                         slack                                  0.469    

Slack (MET) :             0.469ns  (arrival time - required time)
  Source:                 ofdm_system_i/ofdm_axi_lite_0/inst/core_rst_reg/C
                            (rising edge-triggered cell FDSE clocked by clk_fpga_0  {rise@0.000ns fall@10.000ns period=20.000ns})
  Destination:            ofdm_system_i/ofdm_axi_lite_0/inst/u_core/u_map/subcarriers_reg[845]/CLR
                            (removal check against rising-edge clock clk_fpga_0  {rise@0.000ns fall@10.000ns period=20.000ns})
  Path Group:             **async_default**
  Path Type:              Removal (Min at Fast Process Corner)
  Requirement:            0.000ns  (clk_fpga_0 rise@0.000ns - clk_fpga_0 rise@0.000ns)
  Data Path Delay:        0.416ns  (logic 0.141ns (33.907%)  route 0.275ns (66.093%))
  Logic Levels:           0  
  Clock Path Skew:        0.014ns (DCD - SCD - CPR)
    Destination Clock Delay (DCD):    1.204ns
    Source Clock Delay      (SCD):    0.908ns
    Clock Pessimism Removal (CPR):    0.282ns

    Location             Delay type                Incr(ns)  Path(ns)    Netlist Resource(s)
  -------------------------------------------------------------------    -------------------
                         (clock clk_fpga_0 rise edge)
                                                      0.000     0.000 r  
    PS7_X0Y0             PS7                          0.000     0.000 r  ofdm_system_i/processing_system7_0/inst/PS7_i/FCLKCLK[0]
                         net (fo=1, routed)           0.310     0.310    ofdm_system_i/processing_system7_0/inst/FCLK_CLK_unbuffered[0]
    BUFGCTRL_X0Y16       BUFG (Prop_bufg_I_O)         0.026     0.336 r  ofdm_system_i/processing_system7_0/inst/buffer_fclk_clk_0.FCLK_CLK_0_BUFG/O
                         net (fo=24609, routed)       0.572     0.908    ofdm_system_i/ofdm_axi_lite_0/inst/s_axi_aclk
    SLICE_X31Y86         FDSE                                         r  ofdm_system_i/ofdm_axi_lite_0/inst/core_rst_reg/C
  -------------------------------------------------------------------    -------------------
    SLICE_X31Y86         FDSE (Prop_fdse_C_Q)         0.141     1.049 f  ofdm_system_i/ofdm_axi_lite_0/inst/core_rst_reg/Q
                         net (fo=9816, routed)        0.275     1.323    ofdm_system_i/ofdm_axi_lite_0/inst/u_core/u_map/core_rst
    SLICE_X30Y84         FDCE                                         f  ofdm_system_i/ofdm_axi_lite_0/inst/u_core/u_map/subcarriers_reg[845]/CLR
  -------------------------------------------------------------------    -------------------

                         (clock clk_fpga_0 rise edge)
                                                      0.000     0.000 r  
    PS7_X0Y0             PS7                          0.000     0.000 r  ofdm_system_i/processing_system7_0/inst/PS7_i/FCLKCLK[0]
                         net (fo=1, routed)           0.337     0.337    ofdm_system_i/processing_system7_0/inst/FCLK_CLK_unbuffered[0]
    BUFGCTRL_X0Y16       BUFG (Prop_bufg_I_O)         0.029     0.366 r  ofdm_system_i/processing_system7_0/inst/buffer_fclk_clk_0.FCLK_CLK_0_BUFG/O
                         net (fo=24609, routed)       0.838     1.204    ofdm_system_i/ofdm_axi_lite_0/inst/u_core/u_map/s_axi_aclk
    SLICE_X30Y84         FDCE                                         r  ofdm_system_i/ofdm_axi_lite_0/inst/u_core/u_map/subcarriers_reg[845]/C
                         clock pessimism             -0.282     0.922    
    SLICE_X30Y84         FDCE (Remov_fdce_C_CLR)     -0.067     0.855    ofdm_system_i/ofdm_axi_lite_0/inst/u_core/u_map/subcarriers_reg[845]
  -------------------------------------------------------------------
                         required time                         -0.855    
                         arrival time                           1.323    
  -------------------------------------------------------------------
                         slack                                  0.469    

Slack (MET) :             0.469ns  (arrival time - required time)
  Source:                 ofdm_system_i/ofdm_axi_lite_0/inst/core_rst_reg/C
                            (rising edge-triggered cell FDSE clocked by clk_fpga_0  {rise@0.000ns fall@10.000ns period=20.000ns})
  Destination:            ofdm_system_i/ofdm_axi_lite_0/inst/u_core/u_map/subcarriers_reg[863]/CLR
                            (removal check against rising-edge clock clk_fpga_0  {rise@0.000ns fall@10.000ns period=20.000ns})
  Path Group:             **async_default**
  Path Type:              Removal (Min at Fast Process Corner)
  Requirement:            0.000ns  (clk_fpga_0 rise@0.000ns - clk_fpga_0 rise@0.000ns)
  Data Path Delay:        0.416ns  (logic 0.141ns (33.907%)  route 0.275ns (66.093%))
  Logic Levels:           0  
  Clock Path Skew:        0.014ns (DCD - SCD - CPR)
    Destination Clock Delay (DCD):    1.204ns
    Source Clock Delay      (SCD):    0.908ns
    Clock Pessimism Removal (CPR):    0.282ns

    Location             Delay type                Incr(ns)  Path(ns)    Netlist Resource(s)
  -------------------------------------------------------------------    -------------------
                         (clock clk_fpga_0 rise edge)
                                                      0.000     0.000 r  
    PS7_X0Y0             PS7                          0.000     0.000 r  ofdm_system_i/processing_system7_0/inst/PS7_i/FCLKCLK[0]
                         net (fo=1, routed)           0.310     0.310    ofdm_system_i/processing_system7_0/inst/FCLK_CLK_unbuffered[0]
    BUFGCTRL_X0Y16       BUFG (Prop_bufg_I_O)         0.026     0.336 r  ofdm_system_i/processing_system7_0/inst/buffer_fclk_clk_0.FCLK_CLK_0_BUFG/O
                         net (fo=24609, routed)       0.572     0.908    ofdm_system_i/ofdm_axi_lite_0/inst/s_axi_aclk
    SLICE_X31Y86         FDSE                                         r  ofdm_system_i/ofdm_axi_lite_0/inst/core_rst_reg/C
  -------------------------------------------------------------------    -------------------
    SLICE_X31Y86         FDSE (Prop_fdse_C_Q)         0.141     1.049 f  ofdm_system_i/ofdm_axi_lite_0/inst/core_rst_reg/Q
                         net (fo=9816, routed)        0.275     1.323    ofdm_system_i/ofdm_axi_lite_0/inst/u_core/u_map/core_rst
    SLICE_X30Y84         FDCE                                         f  ofdm_system_i/ofdm_axi_lite_0/inst/u_core/u_map/subcarriers_reg[863]/CLR
  -------------------------------------------------------------------    -------------------

                         (clock clk_fpga_0 rise edge)
                                                      0.000     0.000 r  
    PS7_X0Y0             PS7                          0.000     0.000 r  ofdm_system_i/processing_system7_0/inst/PS7_i/FCLKCLK[0]
                         net (fo=1, routed)           0.337     0.337    ofdm_system_i/processing_system7_0/inst/FCLK_CLK_unbuffered[0]
    BUFGCTRL_X0Y16       BUFG (Prop_bufg_I_O)         0.029     0.366 r  ofdm_system_i/processing_system7_0/inst/buffer_fclk_clk_0.FCLK_CLK_0_BUFG/O
                         net (fo=24609, routed)       0.838     1.204    ofdm_system_i/ofdm_axi_lite_0/inst/u_core/u_map/s_axi_aclk
    SLICE_X30Y84         FDCE                                         r  ofdm_system_i/ofdm_axi_lite_0/inst/u_core/u_map/subcarriers_reg[863]/C
                         clock pessimism             -0.282     0.922    
    SLICE_X30Y84         FDCE (Remov_fdce_C_CLR)     -0.067     0.855    ofdm_system_i/ofdm_axi_lite_0/inst/u_core/u_map/subcarriers_reg[863]
  -------------------------------------------------------------------
                         required time                         -0.855    
                         arrival time                           1.323    
  -------------------------------------------------------------------
                         slack                                  0.469    

Slack (MET) :             0.494ns  (arrival time - required time)
  Source:                 ofdm_system_i/ofdm_axi_lite_0/inst/core_rst_reg/C
                            (rising edge-triggered cell FDSE clocked by clk_fpga_0  {rise@0.000ns fall@10.000ns period=20.000ns})
  Destination:            ofdm_system_i/ofdm_axi_lite_0/inst/u_core/u_map/subcarriers_reg[936]/CLR
                            (removal check against rising-edge clock clk_fpga_0  {rise@0.000ns fall@10.000ns period=20.000ns})
  Path Group:             **async_default**
  Path Type:              Removal (Min at Fast Process Corner)
  Requirement:            0.000ns  (clk_fpga_0 rise@0.000ns - clk_fpga_0 rise@0.000ns)
  Data Path Delay:        0.416ns  (logic 0.141ns (33.907%)  route 0.275ns (66.093%))
  Logic Levels:           0  
  Clock Path Skew:        0.014ns (DCD - SCD - CPR)
    Destination Clock Delay (DCD):    1.204ns
    Source Clock Delay      (SCD):    0.908ns
    Clock Pessimism Removal (CPR):    0.282ns

    Location             Delay type                Incr(ns)  Path(ns)    Netlist Resource(s)
  -------------------------------------------------------------------    -------------------
                         (clock clk_fpga_0 rise edge)
                                                      0.000     0.000 r  
    PS7_X0Y0             PS7                          0.000     0.000 r  ofdm_system_i/processing_system7_0/inst/PS7_i/FCLKCLK[0]
                         net (fo=1, routed)           0.310     0.310    ofdm_system_i/processing_system7_0/inst/FCLK_CLK_unbuffered[0]
    BUFGCTRL_X0Y16       BUFG (Prop_bufg_I_O)         0.026     0.336 r  ofdm_system_i/processing_system7_0/inst/buffer_fclk_clk_0.FCLK_CLK_0_BUFG/O
                         net (fo=24609, routed)       0.572     0.908    ofdm_system_i/ofdm_axi_lite_0/inst/s_axi_aclk
    SLICE_X31Y86         FDSE                                         r  ofdm_system_i/ofdm_axi_lite_0/inst/core_rst_reg/C
  -------------------------------------------------------------------    -------------------
    SLICE_X31Y86         FDSE (Prop_fdse_C_Q)         0.141     1.049 f  ofdm_system_i/ofdm_axi_lite_0/inst/core_rst_reg/Q
                         net (fo=9816, routed)        0.275     1.323    ofdm_system_i/ofdm_axi_lite_0/inst/u_core/u_map/core_rst
    SLICE_X31Y84         FDCE                                         f  ofdm_system_i/ofdm_axi_lite_0/inst/u_core/u_map/subcarriers_reg[936]/CLR
  -------------------------------------------------------------------    -------------------

                         (clock clk_fpga_0 rise edge)
                                                      0.000     0.000 r  
    PS7_X0Y0             PS7                          0.000     0.000 r  ofdm_system_i/processing_system7_0/inst/PS7_i/FCLKCLK[0]
                         net (fo=1, routed)           0.337     0.337    ofdm_system_i/processing_system7_0/inst/FCLK_CLK_unbuffered[0]
    BUFGCTRL_X0Y16       BUFG (Prop_bufg_I_O)         0.029     0.366 r  ofdm_system_i/processing_system7_0/inst/buffer_fclk_clk_0.FCLK_CLK_0_BUFG/O
                         net (fo=24609, routed)       0.838     1.204    ofdm_system_i/ofdm_axi_lite_0/inst/u_core/u_map/s_axi_aclk
    SLICE_X31Y84         FDCE                                         r  ofdm_system_i/ofdm_axi_lite_0/inst/u_core/u_map/subcarriers_reg[936]/C
                         clock pessimism             -0.282     0.922    
    SLICE_X31Y84         FDCE (Remov_fdce_C_CLR)     -0.092     0.830    ofdm_system_i/ofdm_axi_lite_0/inst/u_core/u_map/subcarriers_reg[936]
  -------------------------------------------------------------------
                         required time                         -0.830    
                         arrival time                           1.323    
  -------------------------------------------------------------------
                         slack                                  0.494    

Slack (MET) :             0.494ns  (arrival time - required time)
  Source:                 ofdm_system_i/ofdm_axi_lite_0/inst/core_rst_reg/C
                            (rising edge-triggered cell FDSE clocked by clk_fpga_0  {rise@0.000ns fall@10.000ns period=20.000ns})
  Destination:            ofdm_system_i/ofdm_axi_lite_0/inst/u_core/u_map/subcarriers_reg[959]/CLR
                            (removal check against rising-edge clock clk_fpga_0  {rise@0.000ns fall@10.000ns period=20.000ns})
  Path Group:             **async_default**
  Path Type:              Removal (Min at Fast Process Corner)
  Requirement:            0.000ns  (clk_fpga_0 rise@0.000ns - clk_fpga_0 rise@0.000ns)
  Data Path Delay:        0.416ns  (logic 0.141ns (33.907%)  route 0.275ns (66.093%))
  Logic Levels:           0  
  Clock Path Skew:        0.014ns (DCD - SCD - CPR)
    Destination Clock Delay (DCD):    1.204ns
    Source Clock Delay      (SCD):    0.908ns
    Clock Pessimism Removal (CPR):    0.282ns

    Location             Delay type                Incr(ns)  Path(ns)    Netlist Resource(s)
  -------------------------------------------------------------------    -------------------
                         (clock clk_fpga_0 rise edge)
                                                      0.000     0.000 r  
    PS7_X0Y0             PS7                          0.000     0.000 r  ofdm_system_i/processing_system7_0/inst/PS7_i/FCLKCLK[0]
                         net (fo=1, routed)           0.310     0.310    ofdm_system_i/processing_system7_0/inst/FCLK_CLK_unbuffered[0]
    BUFGCTRL_X0Y16       BUFG (Prop_bufg_I_O)         0.026     0.336 r  ofdm_system_i/processing_system7_0/inst/buffer_fclk_clk_0.FCLK_CLK_0_BUFG/O
                         net (fo=24609, routed)       0.572     0.908    ofdm_system_i/ofdm_axi_lite_0/inst/s_axi_aclk
    SLICE_X31Y86         FDSE                                         r  ofdm_system_i/ofdm_axi_lite_0/inst/core_rst_reg/C
  -------------------------------------------------------------------    -------------------
    SLICE_X31Y86         FDSE (Prop_fdse_C_Q)         0.141     1.049 f  ofdm_system_i/ofdm_axi_lite_0/inst/core_rst_reg/Q
                         net (fo=9816, routed)        0.275     1.323    ofdm_system_i/ofdm_axi_lite_0/inst/u_core/u_map/core_rst
    SLICE_X31Y84         FDCE                                         f  ofdm_system_i/ofdm_axi_lite_0/inst/u_core/u_map/subcarriers_reg[959]/CLR
  -------------------------------------------------------------------    -------------------

                         (clock clk_fpga_0 rise edge)
                                                      0.000     0.000 r  
    PS7_X0Y0             PS7                          0.000     0.000 r  ofdm_system_i/processing_system7_0/inst/PS7_i/FCLKCLK[0]
                         net (fo=1, routed)           0.337     0.337    ofdm_system_i/processing_system7_0/inst/FCLK_CLK_unbuffered[0]
    BUFGCTRL_X0Y16       BUFG (Prop_bufg_I_O)         0.029     0.366 r  ofdm_system_i/processing_system7_0/inst/buffer_fclk_clk_0.FCLK_CLK_0_BUFG/O
                         net (fo=24609, routed)       0.838     1.204    ofdm_system_i/ofdm_axi_lite_0/inst/u_core/u_map/s_axi_aclk
    SLICE_X31Y84         FDCE                                         r  ofdm_system_i/ofdm_axi_lite_0/inst/u_core/u_map/subcarriers_reg[959]/C
                         clock pessimism             -0.282     0.922    
    SLICE_X31Y84         FDCE (Remov_fdce_C_CLR)     -0.092     0.830    ofdm_system_i/ofdm_axi_lite_0/inst/u_core/u_map/subcarriers_reg[959]
  -------------------------------------------------------------------
                         required time                         -0.830    
                         arrival time                           1.323    
  -------------------------------------------------------------------
                         slack                                  0.494    

Slack (MET) :             0.607ns  (arrival time - required time)
  Source:                 ofdm_system_i/ofdm_axi_lite_0/inst/core_rst_reg/C
                            (rising edge-triggered cell FDSE clocked by clk_fpga_0  {rise@0.000ns fall@10.000ns period=20.000ns})
  Destination:            ofdm_system_i/ofdm_axi_lite_0/inst/u_core/u_add_cp/ofdm_symbol_cp_reg[2342]/CLR
                            (removal check against rising-edge clock clk_fpga_0  {rise@0.000ns fall@10.000ns period=20.000ns})
  Path Group:             **async_default**
  Path Type:              Removal (Min at Fast Process Corner)
  Requirement:            0.000ns  (clk_fpga_0 rise@0.000ns - clk_fpga_0 rise@0.000ns)
  Data Path Delay:        0.849ns  (logic 0.141ns (16.609%)  route 0.708ns (83.391%))
  Logic Levels:           0  
  Clock Path Skew:        0.334ns (DCD - SCD - CPR)
    Destination Clock Delay (DCD):    1.277ns
    Source Clock Delay      (SCD):    0.908ns
    Clock Pessimism Removal (CPR):    0.035ns

    Location             Delay type                Incr(ns)  Path(ns)    Netlist Resource(s)
  -------------------------------------------------------------------    -------------------
                         (clock clk_fpga_0 rise edge)
                                                      0.000     0.000 r  
    PS7_X0Y0             PS7                          0.000     0.000 r  ofdm_system_i/processing_system7_0/inst/PS7_i/FCLKCLK[0]
                         net (fo=1, routed)           0.310     0.310    ofdm_system_i/processing_system7_0/inst/FCLK_CLK_unbuffered[0]
    BUFGCTRL_X0Y16       BUFG (Prop_bufg_I_O)         0.026     0.336 r  ofdm_system_i/processing_system7_0/inst/buffer_fclk_clk_0.FCLK_CLK_0_BUFG/O
                         net (fo=24609, routed)       0.572     0.908    ofdm_system_i/ofdm_axi_lite_0/inst/s_axi_aclk
    SLICE_X31Y86         FDSE                                         r  ofdm_system_i/ofdm_axi_lite_0/inst/core_rst_reg/C
  -------------------------------------------------------------------    -------------------
    SLICE_X31Y86         FDSE (Prop_fdse_C_Q)         0.141     1.049 f  ofdm_system_i/ofdm_axi_lite_0/inst/core_rst_reg/Q
                         net (fo=9816, routed)        0.708     1.757    ofdm_system_i/ofdm_axi_lite_0/inst/u_core/u_add_cp/core_rst
    SLICE_X33Y105        FDCE                                         f  ofdm_system_i/ofdm_axi_lite_0/inst/u_core/u_add_cp/ofdm_symbol_cp_reg[2342]/CLR
  -------------------------------------------------------------------    -------------------

                         (clock clk_fpga_0 rise edge)
                                                      0.000     0.000 r  
    PS7_X0Y0             PS7                          0.000     0.000 r  ofdm_system_i/processing_system7_0/inst/PS7_i/FCLKCLK[0]
                         net (fo=1, routed)           0.337     0.337    ofdm_system_i/processing_system7_0/inst/FCLK_CLK_unbuffered[0]
    BUFGCTRL_X0Y16       BUFG (Prop_bufg_I_O)         0.029     0.366 r  ofdm_system_i/processing_system7_0/inst/buffer_fclk_clk_0.FCLK_CLK_0_BUFG/O
                         net (fo=24609, routed)       0.911     1.277    ofdm_system_i/ofdm_axi_lite_0/inst/u_core/u_add_cp/s_axi_aclk
    SLICE_X33Y105        FDCE                                         r  ofdm_system_i/ofdm_axi_lite_0/inst/u_core/u_add_cp/ofdm_symbol_cp_reg[2342]/C
                         clock pessimism             -0.035     1.242    
    SLICE_X33Y105        FDCE (Remov_fdce_C_CLR)     -0.092     1.150    ofdm_system_i/ofdm_axi_lite_0/inst/u_core/u_add_cp/ofdm_symbol_cp_reg[2342]
  -------------------------------------------------------------------
                         required time                         -1.150    
                         arrival time                           1.757    
  -------------------------------------------------------------------
                         slack                                  0.607    

Slack (MET) :             0.607ns  (arrival time - required time)
  Source:                 ofdm_system_i/ofdm_axi_lite_0/inst/core_rst_reg/C
                            (rising edge-triggered cell FDSE clocked by clk_fpga_0  {rise@0.000ns fall@10.000ns period=20.000ns})
  Destination:            ofdm_system_i/ofdm_axi_lite_0/inst/u_core/u_map/subcarriers_reg[621]/CLR
                            (removal check against rising-edge clock clk_fpga_0  {rise@0.000ns fall@10.000ns period=20.000ns})
  Path Group:             **async_default**
  Path Type:              Removal (Min at Fast Process Corner)
  Requirement:            0.000ns  (clk_fpga_0 rise@0.000ns - clk_fpga_0 rise@0.000ns)
  Data Path Delay:        0.526ns  (logic 0.141ns (26.795%)  route 0.385ns (73.205%))
  Logic Levels:           0  
  Clock Path Skew:        0.011ns (DCD - SCD - CPR)
    Destination Clock Delay (DCD):    1.201ns
    Source Clock Delay      (SCD):    0.908ns
    Clock Pessimism Removal (CPR):    0.282ns

    Location             Delay type                Incr(ns)  Path(ns)    Netlist Resource(s)
  -------------------------------------------------------------------    -------------------
                         (clock clk_fpga_0 rise edge)
                                                      0.000     0.000 r  
    PS7_X0Y0             PS7                          0.000     0.000 r  ofdm_system_i/processing_system7_0/inst/PS7_i/FCLKCLK[0]
                         net (fo=1, routed)           0.310     0.310    ofdm_system_i/processing_system7_0/inst/FCLK_CLK_unbuffered[0]
    BUFGCTRL_X0Y16       BUFG (Prop_bufg_I_O)         0.026     0.336 r  ofdm_system_i/processing_system7_0/inst/buffer_fclk_clk_0.FCLK_CLK_0_BUFG/O
                         net (fo=24609, routed)       0.572     0.908    ofdm_system_i/ofdm_axi_lite_0/inst/s_axi_aclk
    SLICE_X31Y86         FDSE                                         r  ofdm_system_i/ofdm_axi_lite_0/inst/core_rst_reg/C
  -------------------------------------------------------------------    -------------------
    SLICE_X31Y86         FDSE (Prop_fdse_C_Q)         0.141     1.049 f  ofdm_system_i/ofdm_axi_lite_0/inst/core_rst_reg/Q
                         net (fo=9816, routed)        0.385     1.434    ofdm_system_i/ofdm_axi_lite_0/inst/u_core/u_map/core_rst
    SLICE_X29Y81         FDCE                                         f  ofdm_system_i/ofdm_axi_lite_0/inst/u_core/u_map/subcarriers_reg[621]/CLR
  -------------------------------------------------------------------    -------------------

                         (clock clk_fpga_0 rise edge)
                                                      0.000     0.000 r  
    PS7_X0Y0             PS7                          0.000     0.000 r  ofdm_system_i/processing_system7_0/inst/PS7_i/FCLKCLK[0]
                         net (fo=1, routed)           0.337     0.337    ofdm_system_i/processing_system7_0/inst/FCLK_CLK_unbuffered[0]
    BUFGCTRL_X0Y16       BUFG (Prop_bufg_I_O)         0.029     0.366 r  ofdm_system_i/processing_system7_0/inst/buffer_fclk_clk_0.FCLK_CLK_0_BUFG/O
                         net (fo=24609, routed)       0.835     1.201    ofdm_system_i/ofdm_axi_lite_0/inst/u_core/u_map/s_axi_aclk
    SLICE_X29Y81         FDCE                                         r  ofdm_system_i/ofdm_axi_lite_0/inst/u_core/u_map/subcarriers_reg[621]/C
                         clock pessimism             -0.282     0.919    
    SLICE_X29Y81         FDCE (Remov_fdce_C_CLR)     -0.092     0.827    ofdm_system_i/ofdm_axi_lite_0/inst/u_core/u_map/subcarriers_reg[621]
  -------------------------------------------------------------------
                         required time                         -0.827    
                         arrival time                           1.434    
  -------------------------------------------------------------------
                         slack                                  0.607    

Slack (MET) :             0.607ns  (arrival time - required time)
  Source:                 ofdm_system_i/ofdm_axi_lite_0/inst/core_rst_reg/C
                            (rising edge-triggered cell FDSE clocked by clk_fpga_0  {rise@0.000ns fall@10.000ns period=20.000ns})
  Destination:            ofdm_system_i/ofdm_axi_lite_0/inst/u_core/u_map/subcarriers_reg[639]/CLR
                            (removal check against rising-edge clock clk_fpga_0  {rise@0.000ns fall@10.000ns period=20.000ns})
  Path Group:             **async_default**
  Path Type:              Removal (Min at Fast Process Corner)
  Requirement:            0.000ns  (clk_fpga_0 rise@0.000ns - clk_fpga_0 rise@0.000ns)
  Data Path Delay:        0.526ns  (logic 0.141ns (26.795%)  route 0.385ns (73.205%))
  Logic Levels:           0  
  Clock Path Skew:        0.011ns (DCD - SCD - CPR)
    Destination Clock Delay (DCD):    1.201ns
    Source Clock Delay      (SCD):    0.908ns
    Clock Pessimism Removal (CPR):    0.282ns

    Location             Delay type                Incr(ns)  Path(ns)    Netlist Resource(s)
  -------------------------------------------------------------------    -------------------
                         (clock clk_fpga_0 rise edge)
                                                      0.000     0.000 r  
    PS7_X0Y0             PS7                          0.000     0.000 r  ofdm_system_i/processing_system7_0/inst/PS7_i/FCLKCLK[0]
                         net (fo=1, routed)           0.310     0.310    ofdm_system_i/processing_system7_0/inst/FCLK_CLK_unbuffered[0]
    BUFGCTRL_X0Y16       BUFG (Prop_bufg_I_O)         0.026     0.336 r  ofdm_system_i/processing_system7_0/inst/buffer_fclk_clk_0.FCLK_CLK_0_BUFG/O
                         net (fo=24609, routed)       0.572     0.908    ofdm_system_i/ofdm_axi_lite_0/inst/s_axi_aclk
    SLICE_X31Y86         FDSE                                         r  ofdm_system_i/ofdm_axi_lite_0/inst/core_rst_reg/C
  -------------------------------------------------------------------    -------------------
    SLICE_X31Y86         FDSE (Prop_fdse_C_Q)         0.141     1.049 f  ofdm_system_i/ofdm_axi_lite_0/inst/core_rst_reg/Q
                         net (fo=9816, routed)        0.385     1.434    ofdm_system_i/ofdm_axi_lite_0/inst/u_core/u_map/core_rst
    SLICE_X29Y81         FDCE                                         f  ofdm_system_i/ofdm_axi_lite_0/inst/u_core/u_map/subcarriers_reg[639]/CLR
  -------------------------------------------------------------------    -------------------

                         (clock clk_fpga_0 rise edge)
                                                      0.000     0.000 r  
    PS7_X0Y0             PS7                          0.000     0.000 r  ofdm_system_i/processing_system7_0/inst/PS7_i/FCLKCLK[0]
                         net (fo=1, routed)           0.337     0.337    ofdm_system_i/processing_system7_0/inst/FCLK_CLK_unbuffered[0]
    BUFGCTRL_X0Y16       BUFG (Prop_bufg_I_O)         0.029     0.366 r  ofdm_system_i/processing_system7_0/inst/buffer_fclk_clk_0.FCLK_CLK_0_BUFG/O
                         net (fo=24609, routed)       0.835     1.201    ofdm_system_i/ofdm_axi_lite_0/inst/u_core/u_map/s_axi_aclk
    SLICE_X29Y81         FDCE                                         r  ofdm_system_i/ofdm_axi_lite_0/inst/u_core/u_map/subcarriers_reg[639]/C
                         clock pessimism             -0.282     0.919    
    SLICE_X29Y81         FDCE (Remov_fdce_C_CLR)     -0.092     0.827    ofdm_system_i/ofdm_axi_lite_0/inst/u_core/u_map/subcarriers_reg[639]
  -------------------------------------------------------------------
                         required time                         -0.827    
                         arrival time                           1.434    
  -------------------------------------------------------------------
                         slack                                  0.607    

Slack (MET) :             0.608ns  (arrival time - required time)
  Source:                 ofdm_system_i/ofdm_axi_lite_0/inst/core_rst_reg/C
                            (rising edge-triggered cell FDSE clocked by clk_fpga_0  {rise@0.000ns fall@10.000ns period=20.000ns})
  Destination:            ofdm_system_i/ofdm_axi_lite_0/inst/u_core/u_map/subcarriers_reg[542]/CLR
                            (removal check against rising-edge clock clk_fpga_0  {rise@0.000ns fall@10.000ns period=20.000ns})
  Path Group:             **async_default**
  Path Type:              Removal (Min at Fast Process Corner)
  Requirement:            0.000ns  (clk_fpga_0 rise@0.000ns - clk_fpga_0 rise@0.000ns)
  Data Path Delay:        0.566ns  (logic 0.141ns (24.911%)  route 0.425ns (75.089%))
  Logic Levels:           0  
  Clock Path Skew:        0.025ns (DCD - SCD - CPR)
    Destination Clock Delay (DCD):    1.197ns
    Source Clock Delay      (SCD):    0.908ns
    Clock Pessimism Removal (CPR):    0.264ns

    Location             Delay type                Incr(ns)  Path(ns)    Netlist Resource(s)
  -------------------------------------------------------------------    -------------------
                         (clock clk_fpga_0 rise edge)
                                                      0.000     0.000 r  
    PS7_X0Y0             PS7                          0.000     0.000 r  ofdm_system_i/processing_system7_0/inst/PS7_i/FCLKCLK[0]
                         net (fo=1, routed)           0.310     0.310    ofdm_system_i/processing_system7_0/inst/FCLK_CLK_unbuffered[0]
    BUFGCTRL_X0Y16       BUFG (Prop_bufg_I_O)         0.026     0.336 r  ofdm_system_i/processing_system7_0/inst/buffer_fclk_clk_0.FCLK_CLK_0_BUFG/O
                         net (fo=24609, routed)       0.572     0.908    ofdm_system_i/ofdm_axi_lite_0/inst/s_axi_aclk
    SLICE_X31Y86         FDSE                                         r  ofdm_system_i/ofdm_axi_lite_0/inst/core_rst_reg/C
  -------------------------------------------------------------------    -------------------
    SLICE_X31Y86         FDSE (Prop_fdse_C_Q)         0.141     1.049 f  ofdm_system_i/ofdm_axi_lite_0/inst/core_rst_reg/Q
                         net (fo=9816, routed)        0.425     1.474    ofdm_system_i/ofdm_axi_lite_0/inst/u_core/u_map/core_rst
    SLICE_X26Y78         FDCE                                         f  ofdm_system_i/ofdm_axi_lite_0/inst/u_core/u_map/subcarriers_reg[542]/CLR
  -------------------------------------------------------------------    -------------------

                         (clock clk_fpga_0 rise edge)
                                                      0.000     0.000 r  
    PS7_X0Y0             PS7                          0.000     0.000 r  ofdm_system_i/processing_system7_0/inst/PS7_i/FCLKCLK[0]
                         net (fo=1, routed)           0.337     0.337    ofdm_system_i/processing_system7_0/inst/FCLK_CLK_unbuffered[0]
    BUFGCTRL_X0Y16       BUFG (Prop_bufg_I_O)         0.029     0.366 r  ofdm_system_i/processing_system7_0/inst/buffer_fclk_clk_0.FCLK_CLK_0_BUFG/O
                         net (fo=24609, routed)       0.831     1.197    ofdm_system_i/ofdm_axi_lite_0/inst/u_core/u_map/s_axi_aclk
    SLICE_X26Y78         FDCE                                         r  ofdm_system_i/ofdm_axi_lite_0/inst/u_core/u_map/subcarriers_reg[542]/C
                         clock pessimism             -0.264     0.933    
    SLICE_X26Y78         FDCE (Remov_fdce_C_CLR)     -0.067     0.866    ofdm_system_i/ofdm_axi_lite_0/inst/u_core/u_map/subcarriers_reg[542]
  -------------------------------------------------------------------
                         required time                         -0.866    
                         arrival time                           1.474    
  -------------------------------------------------------------------
                         slack                                  0.608    





--------------------------------------------------------------------------------------
Path Group:  (none)
From Clock:  
  To Clock:  clk_fpga_0

Max Delay             1 Endpoint
Min Delay             1 Endpoint
--------------------------------------------------------------------------------------


Max Delay Paths
--------------------------------------------------------------------------------------
Slack:                    inf
  Source:                 ofdm_system_i/processing_system7_0/inst/PS7_i/FCLKRESETN[0]
                            (internal pin)
  Destination:            ofdm_system_i/rst_ps7_0_50M/U0/EXT_LPF/ACTIVE_LOW_EXT.ACT_LO_EXT/syncstages_ff_reg[0]/D
                            (rising edge-triggered cell FDRE clocked by clk_fpga_0  {rise@0.000ns fall@10.000ns period=20.000ns})
  Path Group:             (none)
  Path Type:              Setup (Max at Slow Process Corner)
  Data Path Delay:        2.063ns  (logic 0.124ns (6.011%)  route 1.939ns (93.989%))
  Logic Levels:           1  (LUT1=1)
  Clock Uncertainty:      0.301ns  ((TSJ^2 + TIJ^2)^1/2 + DJ) / 2 + PE
    Total System Jitter     (TSJ):    0.050ns
    Total Input Jitter      (TIJ):    0.600ns
    Discrete Jitter          (DJ):    0.000ns
    Phase Error              (PE):    0.000ns
  Timing Exception:       False Path

    Location             Delay type                Incr(ns)  Path(ns)    Netlist Resource(s)
  -------------------------------------------------------------------    -------------------
    PS7_X0Y0             PS7                          0.000     0.000 f  ofdm_system_i/processing_system7_0/inst/PS7_i/FCLKRESETN[0]
                         net (fo=1, routed)           0.982     0.982    ofdm_system_i/rst_ps7_0_50M/U0/EXT_LPF/ext_reset_in
    SLICE_X26Y91         LUT1 (Prop_lut1_I0_O)        0.124     1.106 r  ofdm_system_i/rst_ps7_0_50M/U0/EXT_LPF/ACTIVE_LOW_EXT.ACT_LO_EXT_i_1/O
                         net (fo=1, routed)           0.957     2.063    ofdm_system_i/rst_ps7_0_50M/U0/EXT_LPF/ACTIVE_LOW_EXT.ACT_LO_EXT/src_in
    SLICE_X39Y99         FDRE                                         r  ofdm_system_i/rst_ps7_0_50M/U0/EXT_LPF/ACTIVE_LOW_EXT.ACT_LO_EXT/syncstages_ff_reg[0]/D
  -------------------------------------------------------------------    -------------------

                         (clock clk_fpga_0 rise edge)
                                                      0.000     0.000 r  
    PS7_X0Y0             PS7                          0.000     0.000 r  ofdm_system_i/processing_system7_0/inst/PS7_i/FCLKCLK[0]
                         net (fo=1, routed)           1.088     1.088    ofdm_system_i/processing_system7_0/inst/FCLK_CLK_unbuffered[0]
    BUFGCTRL_X0Y16       BUFG (Prop_bufg_I_O)         0.091     1.179 r  ofdm_system_i/processing_system7_0/inst/buffer_fclk_clk_0.FCLK_CLK_0_BUFG/O
                         net (fo=24609, routed)       1.480     2.659    ofdm_system_i/rst_ps7_0_50M/U0/EXT_LPF/ACTIVE_LOW_EXT.ACT_LO_EXT/dest_clk
    SLICE_X39Y99         FDRE                                         r  ofdm_system_i/rst_ps7_0_50M/U0/EXT_LPF/ACTIVE_LOW_EXT.ACT_LO_EXT/syncstages_ff_reg[0]/C





Min Delay Paths
--------------------------------------------------------------------------------------
Slack:                    inf
  Source:                 ofdm_system_i/processing_system7_0/inst/PS7_i/FCLKRESETN[0]
                            (internal pin)
  Destination:            ofdm_system_i/rst_ps7_0_50M/U0/EXT_LPF/ACTIVE_LOW_EXT.ACT_LO_EXT/syncstages_ff_reg[0]/D
                            (rising edge-triggered cell FDRE clocked by clk_fpga_0  {rise@0.000ns fall@10.000ns period=20.000ns})
  Path Group:             (none)
  Path Type:              Hold (Min at Fast Process Corner)
  Data Path Delay:        0.797ns  (logic 0.045ns (5.647%)  route 0.752ns (94.353%))
  Logic Levels:           1  (LUT1=1)
  Clock Uncertainty:      0.301ns  ((TSJ^2 + TIJ^2)^1/2 + DJ) / 2 + PE
    Total System Jitter     (TSJ):    0.050ns
    Total Input Jitter      (TIJ):    0.600ns
    Discrete Jitter          (DJ):    0.000ns
    Phase Error              (PE):    0.000ns
  Timing Exception:       False Path

    Location             Delay type                Incr(ns)  Path(ns)    Netlist Resource(s)
  -------------------------------------------------------------------    -------------------
    PS7_X0Y0             PS7                          0.000     0.000 f  ofdm_system_i/processing_system7_0/inst/PS7_i/FCLKRESETN[0]
                         net (fo=1, routed)           0.321     0.321    ofdm_system_i/rst_ps7_0_50M/U0/EXT_LPF/ext_reset_in
    SLICE_X26Y91         LUT1 (Prop_lut1_I0_O)        0.045     0.366 r  ofdm_system_i/rst_ps7_0_50M/U0/EXT_LPF/ACTIVE_LOW_EXT.ACT_LO_EXT_i_1/O
                         net (fo=1, routed)           0.431     0.797    ofdm_system_i/rst_ps7_0_50M/U0/EXT_LPF/ACTIVE_LOW_EXT.ACT_LO_EXT/src_in
    SLICE_X39Y99         FDRE                                         r  ofdm_system_i/rst_ps7_0_50M/U0/EXT_LPF/ACTIVE_LOW_EXT.ACT_LO_EXT/syncstages_ff_reg[0]/D
  -------------------------------------------------------------------    -------------------

                         (clock clk_fpga_0 rise edge)
                                                      0.000     0.000 r  
    PS7_X0Y0             PS7                          0.000     0.000 r  ofdm_system_i/processing_system7_0/inst/PS7_i/FCLKCLK[0]
                         net (fo=1, routed)           0.337     0.337    ofdm_system_i/processing_system7_0/inst/FCLK_CLK_unbuffered[0]
    BUFGCTRL_X0Y16       BUFG (Prop_bufg_I_O)         0.029     0.366 r  ofdm_system_i/processing_system7_0/inst/buffer_fclk_clk_0.FCLK_CLK_0_BUFG/O
                         net (fo=24609, routed)       0.825     1.191    ofdm_system_i/rst_ps7_0_50M/U0/EXT_LPF/ACTIVE_LOW_EXT.ACT_LO_EXT/dest_clk
    SLICE_X39Y99         FDRE                                         r  ofdm_system_i/rst_ps7_0_50M/U0/EXT_LPF/ACTIVE_LOW_EXT.ACT_LO_EXT/syncstages_ff_reg[0]/C





